--
-- PostgreSQL database dump
--

-- Dumped from database version 17.5
-- Dumped by pg_dump version 17.5

SET statement_timeout = 0;
SET lock_timeout = 0;
SET idle_in_transaction_session_timeout = 0;
SET transaction_timeout = 0;
SET client_encoding = 'UTF8';
SET standard_conforming_strings = on;
SELECT pg_catalog.set_config('search_path', '', false);
SET check_function_bodies = false;
SET xmloption = content;
SET client_min_messages = warning;
SET row_security = off;

--
-- Name: pgcrypto; Type: EXTENSION; Schema: -; Owner: -
--

CREATE EXTENSION IF NOT EXISTS pgcrypto WITH SCHEMA public;


--
-- Name: EXTENSION pgcrypto; Type: COMMENT; Schema: -; Owner: 
--

COMMENT ON EXTENSION pgcrypto IS 'cryptographic functions';


SET default_tablespace = '';

SET default_table_access_method = heap;

--
-- Name: departamentos; Type: TABLE; Schema: public; Owner: postgres
--

CREATE TABLE public.departamentos (
    iddepartamento integer NOT NULL,
    departamento character varying(50) NOT NULL,
    idpais integer NOT NULL
);


ALTER TABLE public.departamentos OWNER TO postgres;

--
-- Name: COLUMN departamentos.iddepartamento; Type: COMMENT; Schema: public; Owner: postgres
--

COMMENT ON COLUMN public.departamentos.iddepartamento IS 'id unico';


--
-- Name: COLUMN departamentos.departamento; Type: COMMENT; Schema: public; Owner: postgres
--

COMMENT ON COLUMN public.departamentos.departamento IS 'nombre del departamento';


--
-- Name: COLUMN departamentos.idpais; Type: COMMENT; Schema: public; Owner: postgres
--

COMMENT ON COLUMN public.departamentos.idpais IS 'llave foranea';


--
-- Name: departamentos_iddepartamento_seq; Type: SEQUENCE; Schema: public; Owner: postgres
--

CREATE SEQUENCE public.departamentos_iddepartamento_seq
    AS integer
    START WITH 1
    INCREMENT BY 1
    NO MINVALUE
    NO MAXVALUE
    CACHE 1;


ALTER SEQUENCE public.departamentos_iddepartamento_seq OWNER TO postgres;

--
-- Name: departamentos_iddepartamento_seq; Type: SEQUENCE OWNED BY; Schema: public; Owner: postgres
--

ALTER SEQUENCE public.departamentos_iddepartamento_seq OWNED BY public.departamentos.iddepartamento;


--
-- Name: distrito; Type: TABLE; Schema: public; Owner: postgres
--

CREATE TABLE public.distrito (
    iddistrito integer NOT NULL,
    distrito character varying(50) NOT NULL,
    idprovincia integer NOT NULL
);


ALTER TABLE public.distrito OWNER TO postgres;

--
-- Name: COLUMN distrito.iddistrito; Type: COMMENT; Schema: public; Owner: postgres
--

COMMENT ON COLUMN public.distrito.iddistrito IS 'id unico';


--
-- Name: COLUMN distrito.distrito; Type: COMMENT; Schema: public; Owner: postgres
--

COMMENT ON COLUMN public.distrito.distrito IS 'nombre de distrito';


--
-- Name: COLUMN distrito.idprovincia; Type: COMMENT; Schema: public; Owner: postgres
--

COMMENT ON COLUMN public.distrito.idprovincia IS 'llave foranea';


--
-- Name: distrito_iddistrito_seq; Type: SEQUENCE; Schema: public; Owner: postgres
--

CREATE SEQUENCE public.distrito_iddistrito_seq
    AS integer
    START WITH 1
    INCREMENT BY 1
    NO MINVALUE
    NO MAXVALUE
    CACHE 1;


ALTER SEQUENCE public.distrito_iddistrito_seq OWNER TO postgres;

--
-- Name: distrito_iddistrito_seq; Type: SEQUENCE OWNED BY; Schema: public; Owner: postgres
--

ALTER SEQUENCE public.distrito_iddistrito_seq OWNED BY public.distrito.iddistrito;


--
-- Name: pais; Type: TABLE; Schema: public; Owner: postgres
--

CREATE TABLE public.pais (
    idpais integer NOT NULL,
    pais character varying(50) NOT NULL,
    nacionalidad character varying(50)
);


ALTER TABLE public.pais OWNER TO postgres;

--
-- Name: COLUMN pais.idpais; Type: COMMENT; Schema: public; Owner: postgres
--

COMMENT ON COLUMN public.pais.idpais IS 'id unico de pais';


--
-- Name: COLUMN pais.pais; Type: COMMENT; Schema: public; Owner: postgres
--

COMMENT ON COLUMN public.pais.pais IS 'nombre del pais';


--
-- Name: COLUMN pais.nacionalidad; Type: COMMENT; Schema: public; Owner: postgres
--

COMMENT ON COLUMN public.pais.nacionalidad IS 'la nacionalidad, si es peruano por ejemplo';


--
-- Name: pais_idpais_seq; Type: SEQUENCE; Schema: public; Owner: postgres
--

CREATE SEQUENCE public.pais_idpais_seq
    AS integer
    START WITH 1
    INCREMENT BY 1
    NO MINVALUE
    NO MAXVALUE
    CACHE 1;


ALTER SEQUENCE public.pais_idpais_seq OWNER TO postgres;

--
-- Name: pais_idpais_seq; Type: SEQUENCE OWNED BY; Schema: public; Owner: postgres
--

ALTER SEQUENCE public.pais_idpais_seq OWNED BY public.pais.idpais;


--
-- Name: personas; Type: TABLE; Schema: public; Owner: postgres
--

CREATE TABLE public.personas (
    idclientes integer NOT NULL,
    cliente character varying(60) NOT NULL,
    dni integer,
    numero integer,
    iddistrito integer
);


ALTER TABLE public.personas OWNER TO postgres;

--
-- Name: personas_idclientes_seq; Type: SEQUENCE; Schema: public; Owner: postgres
--

CREATE SEQUENCE public.personas_idclientes_seq
    AS integer
    START WITH 1
    INCREMENT BY 1
    NO MINVALUE
    NO MAXVALUE
    CACHE 1;


ALTER SEQUENCE public.personas_idclientes_seq OWNER TO postgres;

--
-- Name: personas_idclientes_seq; Type: SEQUENCE OWNED BY; Schema: public; Owner: postgres
--

ALTER SEQUENCE public.personas_idclientes_seq OWNED BY public.personas.idclientes;


--
-- Name: produccion; Type: TABLE; Schema: public; Owner: postgres
--

CREATE TABLE public.produccion (
    id_produccion integer NOT NULL,
    fecha date,
    id_producto integer,
    cantidad integer
);


ALTER TABLE public.produccion OWNER TO postgres;

--
-- Name: produccion_id_produccion_seq; Type: SEQUENCE; Schema: public; Owner: postgres
--

CREATE SEQUENCE public.produccion_id_produccion_seq
    AS integer
    START WITH 1
    INCREMENT BY 1
    NO MINVALUE
    NO MAXVALUE
    CACHE 1;


ALTER SEQUENCE public.produccion_id_produccion_seq OWNER TO postgres;

--
-- Name: produccion_id_produccion_seq; Type: SEQUENCE OWNED BY; Schema: public; Owner: postgres
--

ALTER SEQUENCE public.produccion_id_produccion_seq OWNED BY public.produccion.id_produccion;


--
-- Name: productos; Type: TABLE; Schema: public; Owner: postgres
--

CREATE TABLE public.productos (
    id_producto integer NOT NULL,
    productos character varying(150) NOT NULL,
    tipo character varying(50) NOT NULL,
    "tamaño" character varying(50) NOT NULL,
    precio numeric(10,2),
    costo numeric(10,2),
    precio_con_igv numeric(10,2)
);


ALTER TABLE public.productos OWNER TO postgres;

--
-- Name: productos_id_producto_seq; Type: SEQUENCE; Schema: public; Owner: postgres
--

CREATE SEQUENCE public.productos_id_producto_seq
    AS integer
    START WITH 1
    INCREMENT BY 1
    NO MINVALUE
    NO MAXVALUE
    CACHE 1;


ALTER SEQUENCE public.productos_id_producto_seq OWNER TO postgres;

--
-- Name: productos_id_producto_seq; Type: SEQUENCE OWNED BY; Schema: public; Owner: postgres
--

ALTER SEQUENCE public.productos_id_producto_seq OWNED BY public.productos.id_producto;


--
-- Name: proveedores; Type: TABLE; Schema: public; Owner: postgres
--

CREATE TABLE public.proveedores (
    id_proveedor integer NOT NULL,
    nombre_proveedor character varying(100) NOT NULL,
    ciudad character varying(100) NOT NULL,
    contacto character varying(100) NOT NULL
);


ALTER TABLE public.proveedores OWNER TO postgres;

--
-- Name: proveedores_id_proveedor_seq; Type: SEQUENCE; Schema: public; Owner: postgres
--

CREATE SEQUENCE public.proveedores_id_proveedor_seq
    AS integer
    START WITH 1
    INCREMENT BY 1
    NO MINVALUE
    NO MAXVALUE
    CACHE 1;


ALTER SEQUENCE public.proveedores_id_proveedor_seq OWNER TO postgres;

--
-- Name: proveedores_id_proveedor_seq; Type: SEQUENCE OWNED BY; Schema: public; Owner: postgres
--

ALTER SEQUENCE public.proveedores_id_proveedor_seq OWNED BY public.proveedores.id_proveedor;


--
-- Name: provincia; Type: TABLE; Schema: public; Owner: postgres
--

CREATE TABLE public.provincia (
    idprovincia integer NOT NULL,
    provincia character varying(50) NOT NULL,
    iddepartamento integer NOT NULL
);


ALTER TABLE public.provincia OWNER TO postgres;

--
-- Name: COLUMN provincia.provincia; Type: COMMENT; Schema: public; Owner: postgres
--

COMMENT ON COLUMN public.provincia.provincia IS 'nombre de provincia';


--
-- Name: COLUMN provincia.iddepartamento; Type: COMMENT; Schema: public; Owner: postgres
--

COMMENT ON COLUMN public.provincia.iddepartamento IS 'llave foranea';


--
-- Name: provincia_idprovincia_seq; Type: SEQUENCE; Schema: public; Owner: postgres
--

CREATE SEQUENCE public.provincia_idprovincia_seq
    AS integer
    START WITH 1
    INCREMENT BY 1
    NO MINVALUE
    NO MAXVALUE
    CACHE 1;


ALTER SEQUENCE public.provincia_idprovincia_seq OWNER TO postgres;

--
-- Name: provincia_idprovincia_seq; Type: SEQUENCE OWNED BY; Schema: public; Owner: postgres
--

ALTER SEQUENCE public.provincia_idprovincia_seq OWNED BY public.provincia.idprovincia;


--
-- Name: ventas; Type: TABLE; Schema: public; Owner: postgres
--

CREATE TABLE public.ventas (
    id_venta integer NOT NULL,
    idclientes integer,
    cantidad integer,
    id_producto integer,
    fecha date
);


ALTER TABLE public.ventas OWNER TO postgres;

--
-- Name: ventas_id_venta_seq; Type: SEQUENCE; Schema: public; Owner: postgres
--

CREATE SEQUENCE public.ventas_id_venta_seq
    AS integer
    START WITH 1
    INCREMENT BY 1
    NO MINVALUE
    NO MAXVALUE
    CACHE 1;


ALTER SEQUENCE public.ventas_id_venta_seq OWNER TO postgres;

--
-- Name: ventas_id_venta_seq; Type: SEQUENCE OWNED BY; Schema: public; Owner: postgres
--

ALTER SEQUENCE public.ventas_id_venta_seq OWNED BY public.ventas.id_venta;


--
-- Name: departamentos iddepartamento; Type: DEFAULT; Schema: public; Owner: postgres
--

ALTER TABLE ONLY public.departamentos ALTER COLUMN iddepartamento SET DEFAULT nextval('public.departamentos_iddepartamento_seq'::regclass);


--
-- Name: distrito iddistrito; Type: DEFAULT; Schema: public; Owner: postgres
--

ALTER TABLE ONLY public.distrito ALTER COLUMN iddistrito SET DEFAULT nextval('public.distrito_iddistrito_seq'::regclass);


--
-- Name: pais idpais; Type: DEFAULT; Schema: public; Owner: postgres
--

ALTER TABLE ONLY public.pais ALTER COLUMN idpais SET DEFAULT nextval('public.pais_idpais_seq'::regclass);


--
-- Name: personas idclientes; Type: DEFAULT; Schema: public; Owner: postgres
--

ALTER TABLE ONLY public.personas ALTER COLUMN idclientes SET DEFAULT nextval('public.personas_idclientes_seq'::regclass);


--
-- Name: produccion id_produccion; Type: DEFAULT; Schema: public; Owner: postgres
--

ALTER TABLE ONLY public.produccion ALTER COLUMN id_produccion SET DEFAULT nextval('public.produccion_id_produccion_seq'::regclass);


--
-- Name: productos id_producto; Type: DEFAULT; Schema: public; Owner: postgres
--

ALTER TABLE ONLY public.productos ALTER COLUMN id_producto SET DEFAULT nextval('public.productos_id_producto_seq'::regclass);


--
-- Name: proveedores id_proveedor; Type: DEFAULT; Schema: public; Owner: postgres
--

ALTER TABLE ONLY public.proveedores ALTER COLUMN id_proveedor SET DEFAULT nextval('public.proveedores_id_proveedor_seq'::regclass);


--
-- Name: provincia idprovincia; Type: DEFAULT; Schema: public; Owner: postgres
--

ALTER TABLE ONLY public.provincia ALTER COLUMN idprovincia SET DEFAULT nextval('public.provincia_idprovincia_seq'::regclass);


--
-- Name: ventas id_venta; Type: DEFAULT; Schema: public; Owner: postgres
--

ALTER TABLE ONLY public.ventas ALTER COLUMN id_venta SET DEFAULT nextval('public.ventas_id_venta_seq'::regclass);


--
-- Data for Name: departamentos; Type: TABLE DATA; Schema: public; Owner: postgres
--

COPY public.departamentos (iddepartamento, departamento, idpais) FROM stdin;
1	AMAZONAS	1
2	ANCASH	1
3	APURIMAC	1
4	AREQUIPA	1
5	AYACUCHO	1
6	CAJAMARCA	1
7	CUSCO	1
8	HUANCAVELICA	1
9	HUANUCO	1
10	ICA	1
11	JUNIN	1
12	LA LIBERTAD	1
13	LAMBAYEQUE	1
14	LIMA	1
15	LORETO	1
16	MADRE DE DIOS	1
17	MOQUEGUA	1
18	PASCO	1
19	PIURA	1
20	PUNO	1
21	SAN MARTIN	1
22	TACNA	1
23	TUMBES	1
24	UCAYALI	1
\.


--
-- Data for Name: distrito; Type: TABLE DATA; Schema: public; Owner: postgres
--

COPY public.distrito (iddistrito, distrito, idprovincia) FROM stdin;
1	ARAMANGO	1
2	COPALLIN	1
3	EL PARCO	1
4	IMAZA	1
5	LA PECA	1
6	CHISQUILLA	2
7	CHURUJA	2
8	COROSHA	2
9	CUISPES	2
10	FLORIDA	2
11	JAZAN	2
12	JUMBILLA	2
13	RECTA	2
14	SAN CARLOS	2
15	SHIPASBAMBA	2
16	VALERA	2
17	YAMBRASBAMBA	2
18	ASUNCION	3
19	BALSAS	3
20	CHACHAPOYAS	3
21	CHETO	3
22	CHILIQUIN	3
23	CHUQUIBAMBA	3
24	GRANADA	3
25	HUANCAS	3
26	LA JALCA	3
27	LEIMEBAMBA	3
28	LEVANTO	3
29	MAGDALENA	3
30	MARISCAL CASTILLA	3
31	MOLINOPAMPA	3
32	MONTEVIDEO	3
33	OLLEROS	3
34	QUINJALCA	3
35	SAN FRANCISCO DE DAGUAS	3
36	SAN ISIDRO DE MAINO	3
37	SOLOCO	3
38	SONCHE	3
39	EL CENEPA	4
40	NIEVA	4
41	RIO SANTIAGO	4
42	CAMPORREDONDO	5
43	COCABAMBA	5
44	COLCAMAR	5
45	CONILA	5
46	INGUILPATA	5
47	LAMUD	5
48	LONGUITA	5
49	LONYA CHICO	5
50	LUYA	5
51	LUYA VIEJO	5
52	MARIA	5
53	OCALLI	5
54	OCUMAL	5
55	PISUQUIA	5
56	PROVIDENCIA	5
57	SAN CRISTOBAL	5
58	SAN FRANCISCO DEL YESO	5
59	SAN JERONIMO	5
60	SAN JUAN DE LOPECANCHA	5
61	SANTA CATALINA	5
62	SANTO TOMAS	5
63	TINGO	5
64	TRITA	5
65	CHIRIMOTO	6
66	COCHAMAL	6
67	HUAMBO	6
68	LIMABAMBA	6
69	LONGAR	6
70	MARISCAL BENAVIDES	6
71	MILPUC	6
72	OMIA	6
73	SAN NICOLAS	6
74	SANTA ROSA	6
75	TOTORA	6
76	VISTA ALEGRE	6
77	BAGUA GRANDE	7
78	CAJARURO	7
79	CUMBA	7
80	EL MILAGRO	7
81	JAMALCA	7
82	LONYA GRANDE	7
83	YAMON	7
84	AIJA	8
85	CORIS	8
86	HUACLLAN	8
87	LA MERCED	8
88	SUCCHA	8
89	ACZO	9
90	CHACCHO	9
91	CHINGAS	9
92	LLAMELLIN	9
93	MIRGAS	9
94	SAN JUAN DE RONTOY	9
95	ACOCHACA	10
96	CHACAS	10
97	ABELARDO PARDO LEZAMETA	11
98	ANTONIO RAYMONDI	11
99	AQUIA	11
100	CAJACAY	11
101	CANIS	11
102	CHIQUIAN	11
103	COLQUIOC	11
104	HUALLANCA	11
105	HUASTA	11
106	HUAYLLACAYAN	11
107	LA PRIMAVERA	11
108	MANGAS	11
109	PACLLON	11
110	SAN MIGUEL DE CORPANQUI	11
111	TICLLOS	11
112	ACOPAMPA	12
113	AMASHCA	12
114	ANTA	12
115	ATAQUERO	12
116	CARHUAZ	12
117	MARCARA	12
118	PARIAHUANCA	12
119	SAN MIGUEL DE ACO	12
120	SHILLA	12
121	TINCO	12
122	YUNGAR	12
123	SAN LUIS	13
124	SAN NICOLAS	13
125	YAUYA	13
126	BUENA VISTA ALTA	14
127	CASMA	14
128	COMANDANTE NOEL	14
129	YAUTAN	14
130	ACO	15
131	BAMBAS	15
132	CORONGO	15
133	CUSCA	15
134	LA PAMPA	15
135	YANAC	15
136	YUPAN	15
137	COCHABAMBA	16
138	COLCABAMBA	16
139	HUANCHAY	16
140	HUARAZ	16
141	INDEPENDENCIA	16
142	JANGAS	16
143	LA LIBERTAD	16
144	OLLEROS	16
145	PAMPAS	16
146	PARIACOTO	16
147	PIRA	16
148	TARICA	16
149	ANRA	17
150	CAJAY	17
151	CHAVIN DE HUANTAR	17
152	HUACACHI	17
153	HUACCHIS	17
154	HUACHIS	17
155	HUANTAR	17
156	HUARI	17
157	MASIN	17
158	PAUCAS	17
159	PONTO	17
160	RAHUAPAMPA	17
161	RAPAYAN	17
162	SAN MARCOS	17
163	SAN PEDRO DE CHANA	17
164	UCO	17
165	COCHAPETI	18
166	CULEBRAS	18
167	HUARMEY	18
168	HUAYAN	18
169	MALVAS	18
170	CARAZ	19
171	HUALLANCA	19
172	HUATA	19
173	HUAYLAS	19
174	MATO	19
175	PAMPAROMAS	19
176	PUEBLO LIBRE	19
177	SANTA CRUZ	19
178	SANTO TORIBIO	19
179	YURACMARCA	19
180	CASCA	20
181	ELEAZAR GUZMAN BARRON	20
182	FIDEL OLIVAS ESCUDERO	20
183	LLAMA	20
184	LLUMPA	20
185	LUCMA	20
186	MUSGA	20
187	PISCOBAMBA	20
188	ACAS	21
189	CAJAMARQUILLA	21
190	CARHUAPAMPA	21
191	COCHAS	21
192	CONGAS	21
193	LLIPA	21
194	OCROS	21
195	SAN CRISTOBAL DE RAJAN	21
196	SAN PEDRO	21
197	SANTIAGO DE CHILCAS	21
198	BOLOGNESI	22
199	CABANA	22
200	CONCHUCOS	22
201	HUACASCHUQUE	22
202	HUANDOVAL	22
203	LACABAMBA	22
204	LLAPO	22
205	PALLASCA	22
206	PAMPAS	22
207	SANTA ROSA	22
208	TAUCA	22
209	HUAYLLAN	23
210	PAROBAMBA	23
211	POMABAMBA	23
212	QUINUABAMBA	23
213	CATAC	24
214	COTAPARACO	24
215	HUAYLLAPAMPA	24
216	LLACLLIN	24
217	MARCA	24
218	PAMPAS CHICO	24
219	PARARIN	24
220	RECUAY	24
221	TAPACOCHA	24
222	TICAPAMPA	24
223	CACERES DEL PERU	25
224	CHIMBOTE	25
225	COISHCO	25
226	MACATE	25
227	MORO	25
228	NEPEÑA	25
229	NUEVO CHIMBOTE	25
230	SAMANCO	25
231	SANTA	25
232	ACOBAMBA	26
233	ALFONSO UGARTE	26
234	CASHAPAMPA	26
235	CHINGALPO	26
236	HUAYLLABAMBA	26
237	QUICHES	26
238	RAGASH	26
239	SAN JUAN	26
240	SICSIBAMBA	26
241	SIHUAS	26
242	CASCAPARA	27
243	MANCOS	27
244	MATACOTO	27
245	QUILLO	27
246	RANRAHIRCA	27
247	SHUPLUY	27
248	YANAMA	27
249	YUNGAY	27
250	ABANCAY	28
251	CHACOCHE	28
252	CIRCA	28
253	CURAHUASI	28
254	HUANIPACA	28
255	LAMBRAMA	28
256	PICHIRHUA	28
257	SAN PEDRO DE CACHORA	28
258	TAMBURCO	28
259	ANDAHUAYLAS	29
260	ANDARAPA	29
261	CHIARA	29
262	HUANCARAMA	29
263	HUANCARAY	29
264	HUAYANA	29
265	KAQUIABAMBA	29
266	KISHUARA	29
267	PACOBAMBA	29
268	PACUCHA	29
269	PAMPACHIRI	29
270	POMACOCHA	29
271	SAN ANTONIO DE CACHI	29
272	SAN JERONIMO	29
273	SAN MIGUEL DE CHACCRAMPA	29
274	SANTA MARIA DE CHICMO	29
275	TALAVERA	29
276	TUMAY HUARACA	29
277	TURPO	29
278	ANTABAMBA	30
279	EL ORO	30
280	HUAQUIRCA	30
281	JUAN ESPINOZA MEDRANO	30
282	OROPESA	30
283	PACHACONAS	30
284	SABAINO	30
285	CAPAYA	31
286	CARAYBAMBA	31
287	CHALHUANCA	31
288	CHAPIMARCA	31
289	COLCABAMBA	31
290	COTARUSE	31
291	HUAYLLO	31
292	JUSTO APU SAHUARAURA	31
293	LUCRE	31
294	POCOHUANCA	31
295	SAN JUAN DE CHACÑA	31
296	SAÑAYCA	31
297	SORAYA	31
298	TAPAIRIHUA	31
299	TINTAY	31
300	TORAYA	31
301	YANACA	31
302	ANCO-HUALLO	32
303	CHINCHEROS	32
304	COCHARCAS	32
305	HUACCANA	32
306	OCOBAMBA	32
307	ONGOY	32
308	RANRACANCHA	32
309	URANMARCA	32
310	CHALLHUAHUACHO	33
311	COTABAMBAS	33
312	COYLLURQUI	33
313	HAQUIRA	33
314	MARA	33
315	TAMBOBAMBA	33
316	CHUQUIBAMBILLA	34
317	CURASCO	34
318	CURPAHUASI	34
319	GAMARRA	34
320	HUAYLLATI	34
321	MAMARA	34
322	MICAELA BASTIDAS	34
323	PATAYPAMPA	34
324	PROGRESO	34
325	SAN ANTONIO	34
326	SANTA ROSA	34
327	TURPAY	34
328	VILCABAMBA	34
329	VIRUNDO	34
330	ALTO SELVA ALEGRE	35
331	AREQUIPA	35
332	CAYMA	35
333	CERRO COLORADO	35
334	CHARACATO	35
335	CHIGUATA	35
336	JACOBO HUNTER	35
337	JOSE LUIS BUSTAMANTE Y RIVERO	35
338	LA JOYA	35
339	MARIANO MELGAR	35
340	MIRAFLORES	35
341	MOLLEBAYA	35
342	PAUCARPATA	35
343	POCSI	35
344	POLOBAYA	35
345	QUEQUEÑA	35
346	SABANDIA	35
347	SACHACA	35
348	SAN JUAN DE SIGUAS	35
349	SAN JUAN DE TARUCANI	35
350	SANTA ISABEL DE SIGUAS	35
351	SANTA RITA DE SIGUAS	35
352	SOCABAYA	35
353	TIABAYA	35
354	UCHUMAYO	35
355	VITOR  1/	35
356	YANAHUARA	35
357	YARABAMBA	35
358	YURA	35
359	CAMANA	36
360	JOSE MARIA QUIMPER	36
361	MARIANO NICOLAS VALCARCEL	36
362	MARISCAL CACERES	36
363	NICOLAS DE PIEROLA	36
364	OCOÑA	36
365	QUILCA	36
366	SAMUEL PASTOR	36
367	ACARI	37
368	ATICO	37
369	ATIQUIPA	37
370	BELLA UNION	37
371	CAHUACHO	37
372	CARAVELI	37
373	CHALA	37
374	CHAPARRA	37
375	HUANUHUANU	37
376	JAQUI	37
377	LOMAS	37
378	QUICACHA	37
379	YAUCA	37
380	ANDAGUA	38
381	APLAO	38
382	AYO	38
383	CHACHAS	38
384	CHILCAYMARCA	38
385	CHOCO	38
386	HUANCARQUI	38
387	MACHAGUAY	38
388	ORCOPAMPA	38
389	PAMPACOLCA	38
390	TIPAN	38
391	UÑON	38
392	URACA	38
393	VIRACO	38
394	ACHOMA	39
395	CABANACONDE	39
396	CALLALLI	39
397	CAYLLOMA	39
398	CHIVAY	39
399	COPORAQUE	39
400	HUAMBO	39
401	HUANCA	39
402	ICHUPAMPA	39
403	LARI	39
404	LLUTA	39
405	MACA	39
406	MADRIGAL	39
407	MAJES	39
408	SAN ANTONIO DE CHUCA	39
409	SIBAYO	39
410	TAPAY	39
411	TISCO	39
412	TUTI	39
413	YANQUE	39
414	ANDARAY	40
415	CAYARANI	40
416	CHICHAS	40
417	CHUQUIBAMBA	40
418	IRAY	40
419	RIO GRANDE	40
420	SALAMANCA	40
421	YANAQUIHUA	40
422	COCACHACRA	41
423	DEAN VALDIVIA	41
424	ISLAY	41
425	MEJIA	41
426	MOLLENDO	41
427	PUNTA DE BOMBON	41
428	ALCA	42
429	CHARCANA	42
430	COTAHUASI	42
431	HUAYNACOTAS	42
432	PAMPAMARCA	42
433	PUYCA	42
434	QUECHUALLA	42
435	SAYLA	42
436	TAURIA	42
437	TOMEPAMPA	42
438	TORO	42
439	CANGALLO	43
440	CHUSCHI	43
441	LOS MOROCHUCOS	43
442	MARIA PARADO DE BELLIDO	43
443	PARAS	43
444	TOTOS	43
445	ACOCRO	44
446	ACOS VINCHOS	44
447	AYACUCHO	44
448	CARMEN ALTO	44
449	CHIARA	44
450	JESUS NAZARENO	44
451	OCROS	44
452	PACAYCASA	44
453	QUINUA	44
454	SAN JOSE DE TICLLAS	44
455	SAN JUAN BAUTISTA	44
456	SANTIAGO DE PISCHA	44
457	SOCOS	44
458	TAMBILLO	44
459	VINCHOS	44
460	CARAPO	45
461	SACSAMARCA	45
462	SANCOS	45
463	SANTIAGO DE LUCANAMARCA	45
464	AYAHUANCO	46
465	HUAMANGUILLA	46
466	HUANTA	46
467	IGUAIN	46
468	LLOCHEGUA	46
469	LURICOCHA	46
470	SANTILLANA	46
471	SIVIA	46
472	ANCO	47
473	AYNA	47
474	CHILCAS	47
475	CHUNGUI	47
476	LUIS CARRANZA	47
477	SAN MIGUEL	47
478	SANTA ROSA	47
479	TAMBO	47
480	AUCARA	48
481	CABANA	48
482	CARMEN SALCEDO	48
483	CHAVIÑA	48
484	CHIPAO	48
485	HUAC-HUAS	48
486	LARAMATE	48
487	LEONCIO PRADO	48
488	LLAUTA	48
489	LUCANAS	48
490	OCAÑA	48
491	OTOCA	48
492	PUQUIO	48
493	SAISA	48
494	SAN CRISTOBAL	48
495	SAN JUAN	48
496	SAN PEDRO	48
497	SAN PEDRO DE PALCO	48
498	SANCOS	48
499	SANTA ANA DE HUAYCAHUACHO	48
500	SANTA LUCIA	48
501	CHUMPI	49
502	CORACORA	49
503	CORONEL CASTAÑEDA	49
504	PACAPAUSA	49
505	PULLO	49
506	PUYUSCA	49
507	SAN FRANCISCO DE RAVACAYCO	49
508	UPAHUACHO	49
509	COLTA	50
510	CORCULLA	50
511	LAMPA	50
512	MARCABAMBA	50
513	OYOLO	50
514	PARARCA	50
515	PAUSA	50
516	SAN JAVIER DE ALPABAMBA	50
517	SAN JOSE DE USHUA	50
518	SARA SARA	50
519	BELEN	51
520	CHALCOS	51
521	CHILCAYOC	51
522	HUACAÑA	51
523	MORCOLLA	51
524	PAICO	51
525	QUEROBAMBA	51
526	SAN PEDRO DE LARCAY	51
527	SAN SALVADOR DE QUIJE	51
528	SANTIAGO DE PAUCARAY	51
529	SORAS	51
530	ALCAMENCA	52
531	APONGO	52
532	ASQUIPATA	52
533	CANARIA	52
534	CAYARA	52
535	COLCA	52
536	HUAMANQUIQUIA	52
537	HUANCAPI	52
538	HUANCARAYLLA	52
539	HUAYA	52
540	SARHUA	52
541	VILCANCHOS	52
542	ACCOMARCA	53
543	CARHUANCA	53
544	CONCEPCION	53
545	HUAMBALPA	53
546	INDEPENDENCIA	53
547	SAURAMA	53
548	VILCAS HUAMAN	53
549	VISCHONGO	53
550	CACHACHI	54
551	CAJABAMBA	54
552	CONDEBAMBA	54
553	SITACOCHA	54
554	ASUNCION	55
555	CAJAMARCA	55
556	CHETILLA	55
557	COSPAN	55
558	ENCAÑADA	55
559	JESUS	55
560	LLACANORA	55
561	LOS BAÑOS DEL INCA	55
562	MAGDALENA	55
563	MATARA	55
564	NAMORA	55
565	SAN JUAN	55
566	CELENDIN	56
567	CHUMUCH	56
568	CORTEGANA	56
569	HUASMIN	56
570	JORGE CHAVEZ	56
571	JOSE GALVEZ	56
572	LA LIBERTAD DE PALLAN	56
573	MIGUEL IGLESIAS	56
574	OXAMARCA	56
575	SOROCHUCO	56
576	SUCRE	56
577	UTCO	56
578	ANGUIA	57
579	CHADIN	57
580	CHALAMARCA	57
581	CHIGUIRIP	57
582	CHIMBAN	57
583	CHOROPAMPA	57
584	CHOTA	57
585	COCHABAMBA	57
586	CONCHAN	57
587	HUAMBOS	57
588	LAJAS	57
589	LLAMA	57
590	MIRACOSTA	57
591	PACCHA	57
592	PION	57
593	QUEROCOTO	57
594	SAN JUAN DE LICUPIS	57
595	TACABAMBA	57
596	TOCMOCHE	57
597	CHILETE	58
598	CONTUMAZA	58
599	CUPISNIQUE	58
600	GUZMANGO	58
601	SAN BENITO	58
602	SANTA CRUZ DE TOLEDO	58
603	TANTARICA	58
604	YONAN	58
605	CALLAYUC	59
606	CHOROS	59
607	CUJILLO	59
608	CUTERVO	59
609	LA RAMADA	59
610	PIMPINGOS	59
611	QUEROCOTILLO	59
612	SAN ANDRES DE CUTERVO	59
613	SAN JUAN DE CUTERVO	59
614	SAN LUIS DE LUCMA	59
615	SANTA CRUZ	59
616	SANTO TOMAS	59
617	SOCOTA	59
618	STO. DOMINGO DE LA CAPILLA	59
619	TORIBIO CASANOVA	59
620	BAMBAMARCA	60
621	CHUGUR	60
622	HUALGAYOC	60
623	BELLAVISTA	61
624	CHONTALI	61
625	COLASAY	61
626	HUABAL	61
627	JAEN	61
628	LAS PIRIAS	61
629	POMAHUACA	61
630	PUCARA	61
631	SALLIQUE	61
632	SAN FELIPE	61
633	SAN JOSE DEL ALTO	61
634	SANTA ROSA	61
635	CHIRINOS	62
636	HUARANGO	62
637	LA COIPA	62
638	NAMBALLE	62
639	SAN IGNACIO	62
640	SAN JOSE DE LOURDES	62
641	TABACONAS	62
642	CHANCAY	63
643	EDUARDO VILLANUEVA	63
644	GREGORIO PITA	63
645	ICHOCAN	63
646	JOSE MANUEL QUIROZ	63
647	JOSE SABOGAL	63
648	PEDRO GALVEZ	63
649	BOLIVAR	64
650	CALQUIS	64
651	CATILLUC	64
652	EL PRADO	64
653	LA FLORIDA	64
654	LLAPA	64
655	NANCHOC	64
656	NIEPOS	64
657	SAN GREGORIO	64
658	SAN MIGUEL	64
659	SAN SILVESTRE DE COCHAN	64
660	TONGOD	64
661	UNION AGUA BLANCA	64
662	SAN BERNARDINO	65
663	SAN LUIS	65
664	SAN PABLO	65
665	TUMBADEN	65
666	ANDABAMBA	66
667	CATACHE	66
668	CHANCAYBAÑOS	66
669	LA ESPERANZA	66
670	NINABAMBA	66
671	PULAN	66
672	SANTA CRUZ	66
673	SAUCEPAMPA	66
674	SEXI	66
675	UTICYACU	66
676	YAUYUCAN	66
677	ACOMAYO	67
678	ACOPIA	67
679	ACOS	67
680	MOSOC LLACTA	67
681	POMACANCHI	67
682	RONDOCAN	67
683	SANGARARA	67
684	ANCAHUASI	68
685	ANTA	68
686	CACHIMAYO	68
687	CHINCHAYPUJIO	68
688	HUAROCONDO	68
689	LIMATAMBO	68
690	MOLLEPATA	68
691	PUCYURA	68
692	ZURITE	68
693	CALCA	69
694	COYA	69
695	LAMAY	69
696	LARES	69
697	PISAC	69
698	SAN SALVADOR	69
699	TARAY	69
700	YANATILE	69
701	CHECCA	70
702	KUNTURKANKI	70
703	LANGUI	70
704	LAYO	70
705	PAMPAMARCA	70
706	QUEHUE	70
707	TUPAC AMARU	70
708	YANAOCA	70
709	CHECACUPE	71
710	COMBAPATA	71
711	MARANGANI	71
712	PITUMARCA	71
713	SAN PABLO	71
714	SAN PEDRO	71
715	SICUANI	71
716	TINTA	71
717	CAPACMARCA	72
718	CHAMACA	72
719	COLQUEMARCA	72
720	LIVITACA	72
721	LLUSCO	72
722	QUIÑOTA	72
723	SANTO TOMAS	72
724	VELILLE	72
725	CCORCA	73
726	CUSCO	73
727	POROY	73
728	SAN JERONIMO	73
729	SAN SEBASTIAN	73
730	SANTIAGO	73
731	SAYLLA	73
732	WANCHAQ	73
733	ALTO PICHIGUA	74
734	CONDOROMA	74
735	COPORAQUE	74
736	ESPINAR	74
737	OCORURO	74
738	PALLPATA	74
739	PICHIGUA	74
740	SUYCKUTAMBO	74
741	ECHARATE	75
742	HUAYOPATA	75
743	MARANURA	75
744	OCOBAMBA	75
745	PICHARI	75
746	QUELLOUNO	75
747	QUIMBIRI	75
748	SANTA ANA	75
749	SANTA TERESA	75
750	VILCABAMBA	75
751	ACCHA	76
752	CCAPI	76
753	COLCHA	76
754	HUANOQUITE	76
755	OMACHA	76
756	PACCARITAMBO	76
757	PARURO	76
758	PILLPINTO	76
759	YAURISQUE	76
760	CAICAY	77
761	CHALLABAMBA	77
762	COLQUEPATA	77
763	HUANCARANI	77
764	KOSÑIPATA	77
765	PAUCARTAMBO	77
766	ANDAHUAYLILLAS	78
767	CAMANTI	78
768	CCARHUAYO	78
769	CCATCA	78
770	CUSIPATA	78
771	HUARO	78
772	LUCRE	78
773	MARCAPATA	78
774	OCONGATE	78
775	OROPESA	78
776	QUIQUIJANA	78
777	URCOS	78
778	CHINCHERO	79
779	HUAYLLABAMBA	79
780	MACHUPICCHU	79
781	MARAS	79
782	OLLANTAYTAMBO	79
783	URUBAMBA	79
784	YUCAY	79
785	ACOBAMBA	80
786	ANDABAMBA	80
787	ANTA	80
788	CAJA	80
789	MARCAS	80
790	PAUCARA	80
791	POMACOCHA	80
792	ROSARIO	80
793	ANCHONGA	81
794	CALLANMARCA	81
795	CCOCHACCASA	81
796	CHINCHO	81
797	CONGALLA	81
798	HUANCA-HUANCA	81
799	HUAYLLAY GRANDE	81
800	JULCAMARCA	81
801	LIRCAY	81
802	SAN ANTONIO DE ANTAPARCO	81
803	SANTO TOMAS DE PATA	81
804	SECCLLA	81
805	ARMA	82
806	AURAHUA	82
807	CAPILLAS	82
808	CASTROVIRREYNA	82
809	CHUPAMARCA	82
810	COCAS	82
811	HUACHOS	82
812	HUAMATAMBO	82
813	MOLLEPAMPA	82
814	SAN JUAN	82
815	SANTA ANA	82
816	TANTARA	82
817	TICRAPO	82
818	ANCO	83
819	CHINCHIHUASI	83
820	CHURCAMPA	83
821	EL CARMEN	83
822	LA MERCED	83
823	LOCROJA	83
824	PACHAMARCA	83
825	PAUCARBAMBA	83
826	SAN MIGUEL DE MAYOCC	83
827	SAN PEDRO DE CORIS	83
828	ACOBAMBILLA	84
829	ACORIA	84
830	ASCENCION	84
831	CONAYCA	84
832	CUENCA	84
833	HUACHOCOLPA	84
834	HUANCAVELICA	84
835	HUANDO	84
836	HUANDO	84
837	HUAYLLAHUARA	84
838	IZCUCHACA	84
839	LARIA	84
840	MANTA	84
841	MARISCAL CACERES	84
842	MOYA	84
843	NUEVO OCCORO	84
844	PALCA	84
845	PILCHACA	84
846	VILCA	84
847	YAULI	84
848	AYAVI	85
849	CORDOVA	85
850	HUAYACUNDO ARMA	85
851	HUAYTARA	85
852	LARAMARCA	85
853	OCOYO	85
854	PILPICHACA	85
855	QUERCO	85
856	QUITO-ARMA	85
857	SAN ANTONIO DE CUSICANCHA	85
858	SAN FSCO. DE SANGAYAICO	85
859	SAN ISIDRO	85
860	SANTIAGO DE CHOCORVOS	85
861	SANTIAGO DE QUIRAHUARA	85
862	SANTO DOMINGO DE CAPILLAS	85
863	TAMBO	85
864	ACOSTAMBO	86
865	ACRAQUIA	86
866	AHUAYCHA	86
867	COLCABAMBA	86
868	DANIEL HERNANDEZ	86
869	HUACHOCOLPA	86
870	HUARIBAMBA	86
871	PAMPAS	86
872	PAZOS	86
873	QUISHUAR	86
874	SALCABAMBA	86
875	SALCAHUASI	86
876	SAN MARCOS DE ROCCHAC	86
877	SURCUBAMBA	86
878	TINTAY PUNCU	86
879	YAHUIMPUQUIO	86
880	AMBO	87
881	CAYNA	87
882	COLPAS	87
883	CONCHAMARCA	87
884	HUACAR	87
885	SAN FRANCISCO	87
886	SAN RAFAEL	87
887	TOMAYQUICHUA	87
888	CHUQUIS	88
889	LA UNION	88
890	MARIAS	88
891	PACHAS	88
892	QUIVILLA	88
893	RIPAN	88
894	SHUNQUI	88
895	SILLAPATA	88
896	YANAS	88
897	CANCHABAMBA	89
898	COCHABAMBA	89
899	HUACAYBAMBA	89
900	PINRA	89
901	ARANCAY	90
902	CHAVIN DE PARIARCA	90
903	JACAS GRANDE	90
904	JIRCAN	90
905	LLATA	90
906	MIRAFLORES	90
907	MONZON	90
908	PUNCHAO	90
909	PUÑOS	90
910	SINGA	90
911	TANTAMAYO	90
912	AMARILIS	91
913	CHINCHAO	91
914	CHURUBAMBA	91
915	HUANUCO	91
916	MARGOS	91
917	PILCOMARCA	91
918	QUISQUI	91
919	SAN FRANCISCO DE CAYRAN	91
920	SAN PEDRO DE CHAULAN	91
921	SANTA MARIA DEL VALLE	91
922	YARUMAYO	91
923	BAÑOS	92
924	JESUS	92
925	JIVIA	92
926	QUEROPALCA	92
927	RONDOS	92
928	SAN FRANCISCO DE ASIS	92
929	SAN MIGUEL DE CAURI	92
930	DANIEL ALOMIA  ROBLES	93
931	HERMILIO VALDIZAN	93
932	JOSE CRESPO Y CASTILLO	93
933	LUYANDO	93
934	MARIANO DAMASO BERAUN	93
935	RUPA-RUPA	93
936	CHOLON	94
937	HUACRACHUCO	94
938	SAN BUENAVENTURA	94
939	CHAGLLA	95
940	MOLINO	95
941	PANAO	95
942	UMARI	95
943	CODO DEL POZUZO	96
944	HONORIA	96
945	PUERTO INCA	96
946	TOURNAVISTA	96
947	YUYAPICHIS	96
948	APARICIO POMARES	97
949	CAHUAC	97
950	CHACABAMBA	97
951	CHAVINILLO	97
952	CHORAS	97
953	JACAS CHICO	97
954	OBAS	97
955	PAMPAMARCA	97
956	ALTO LARAN	98
957	CHAVIN	98
958	CHINCHA ALTA	98
959	CHINCHA BAJA	98
960	EL CARMEN	98
961	GROCIO PRADO	98
962	PUEBLO NUEVO	98
963	SAN JUAN DE YANAC	98
964	SAN PEDRO DE HUACARPANA	98
965	SUNAMPE	98
966	TAMBO DE MORA	98
967	ICA	99
968	LA TINGUIÑA	99
969	LOS AQUIJES	99
970	OCUCAJE	99
971	PACHACUTEC	99
972	PARCONA	99
973	PUEBLO NUEVO	99
974	SALAS	99
975	SAN JOSE DE LOS MOLINOS	99
976	SAN JUAN BAUTISTA	99
977	SANTIAGO	99
978	SUBTANJALLA	99
979	TATE	99
980	YAUCA DEL ROSARIO	99
981	CHANGUILLO	100
982	EL INGENIO	100
983	MARCONA	100
984	NAZCA	100
985	VISTA ALEGRE	100
986	LLIPATA	101
987	PALPA	101
988	RIO GRANDE	101
989	SANTA CRUZ	101
990	TIBILLO	101
991	HUANCANO	102
992	HUMAY	102
993	INDEPENDENCIA	102
994	PARACAS	102
995	PISCO	102
996	SAN ANDRES	102
997	SAN CLEMENTE	102
998	TUPAC AMARU INCA	102
999	CHANCHAMAYO	103
1000	PERENE	103
1001	PICHANAQUI	103
1002	SAN LUIS DE SHUARO	103
1003	SAN RAMON	103
1004	VITOC	103
1005	AHUAC	104
1006	CHONGOS BAJO	104
1007	CHUPACA	104
1008	HUACHAC	104
1009	HUAMANCACA CHICO	104
1010	SAN JUAN DE ISCOS	104
1011	SAN JUAN DE JARPA	104
1012	TRES DE DICIEMBRE	104
1013	YANACANCHA	104
1014	ACO	105
1015	ANDAMARCA	105
1016	CHAMBARA	105
1017	COCHAS	105
1018	COMAS	105
1019	CONCEPCION	105
1020	HEROINAS TOLEDO	105
1021	MANZANARES	105
1022	MARISCAL CASTILLA	105
1023	MATAHUASI	105
1024	MITO	105
1025	NUEVE DE JULIO	105
1026	ORCOTUNA	105
1027	SAN JOSE DE QUERO	105
1028	SANTA ROSA DE OCOPA	105
1029	CARHUACALLANGA	106
1030	CHACAPAMPA	106
1031	CHICCHE	106
1032	CHILCA	106
1033	CHONGOS ALTO	106
1034	CHUPURO	106
1035	COLCA	106
1036	CULLHUAS	106
1037	EL TAMBO	106
1038	HUACRAPUQUIO	106
1039	HUALHUAS	106
1040	HUANCAN	106
1041	HUANCAYO	106
1042	HUASICANCHA	106
1043	HUAYUCACHI	106
1044	INGENIO	106
1045	PARIAHUANCA	106
1046	PILCOMAYO	106
1047	PUCARA	106
1048	QUICHUAY	106
1049	QUILCAS	106
1050	SAN AGUSTIN	106
1051	SAN JERONIMO DE TUNAN	106
1052	SANTO DOMINGO DE ACOBAMBA	106
1053	SAÑO	106
1054	SAPALLANGA	106
1055	SICAYA	106
1056	VIQUES	106
1057	ACOLLA	107
1058	APATA	107
1059	ATAURA	107
1060	CANCHAYLLO	107
1061	CURICACA	107
1062	EL MANTARO	107
1063	HUAMALI	107
1064	HUARIPAMPA	107
1065	HUERTAS	107
1066	JANJAILLO	107
1067	JAUJA	107
1068	JULCAN	107
1069	LEONOR ORDOÑEZ	107
1070	LLOCLLAPAMPA	107
1071	MARCO	107
1072	MASMA	107
1073	MASMA CHICCHE	107
1074	MOLINOS	107
1075	MONOBAMBA	107
1076	MUQUI	107
1077	MUQUIYAUYO	107
1078	PACA	107
1079	PACCHA	107
1080	PANCAN	107
1081	PARCO	107
1082	POMACANCHA	107
1083	RICRAN	107
1084	SAN LORENZO	107
1085	SAN PEDRO DE CHUNAN	107
1086	SAUSA	107
1087	SINCOS	107
1088	TUNAN MARCA	107
1089	YAULI	107
1090	YAUYOS	107
1091	CARHUAMAYO	108
1092	JUNIN	108
1093	ONDORES	108
1094	ULCUMAYO	108
1095	COVIRIALI	109
1096	LLAYLLA	109
1097	MAZAMARI	109
1098	PAMPA HERMOSA	109
1099	PANGOA	109
1100	RIO NEGRO	109
1101	RIO TAMBO	109
1102	SATIPO	109
1103	ACOBAMBA	110
1104	HUARICOLCA	110
1105	HUASAHUASI	110
1106	LA UNION	110
1107	PALCA	110
1108	PALCAMAYO	110
1109	SAN PEDRO DE CAJAS	110
1110	TAPO	110
1111	TARMA	110
1112	CHACAPALPA	111
1113	HUAY-HUAY	111
1114	LA OROYA	111
1115	MARCAPOMACOCHA	111
1116	MOROCOCHA	111
1117	PACCHA	111
1118	SANTA ROSA DE SACCO	111
1119	STA. BARBARA DE CARHUACAYAN	111
1120	SUITUCANCHA	111
1121	YAULI	111
1122	ASCOPE	112
1123	CASA GRANDE	112
1124	CHICAMA	112
1125	CHOCOPE	112
1126	MAGDALENA DE CAO	112
1127	PAIJAN	112
1128	RAZURI	112
1129	SANTIAGO DE CAO	112
1130	BAMBAMARCA	113
1131	BOLIVAR	113
1132	CONDORMARCA	113
1133	LONGOTEA	113
1134	UCHUMARCA	113
1135	UCUNCHA	113
1136	CHEPEN	114
1137	PACANGA	114
1138	PUEBLO NUEVO	114
1139	CASCAS	115
1140	LUCMA	115
1141	MARMOT	115
1142	SAYAPULLO	115
1143	CALAMARCA	116
1144	CARABAMBA	116
1145	HUASO	116
1146	JULCAN	116
1147	AGALLPAMPA	117
1148	CHARAT	117
1149	HUARANCHAL	117
1150	LA CUESTA	117
1151	MACHE	117
1152	OTUZCO	117
1153	PARANDAY	117
1154	SALPO	117
1155	SINSICAP	117
1156	USQUIL	117
1157	GUADALUPE	118
1158	JEQUETEPEQUE	118
1159	PACASMAYO	118
1160	SAN JOSE	118
1161	SAN PEDRO DE LLOC	118
1162	BULDIBUYO	119
1163	CHILLIA	119
1164	HUANCASPATA	119
1165	HUAYLILLAS	119
1166	HUAYO	119
1167	ONGON	119
1168	PARCOY	119
1169	PATAZ	119
1170	PIAS	119
1171	SANTIAGO DE CHALLAS	119
1172	TAURIJA	119
1173	TAYABAMBA	119
1174	URPAY	119
1175	CHUGAY	120
1176	COCHORCO	120
1177	CURGOS	120
1178	HUAMACHUCO	120
1179	MARCABAL	120
1180	SANAGORAN	120
1181	SARIN	120
1182	SARTIMBAMBA	120
1183	ANGASMARCA	121
1184	CACHICADAN	121
1185	MOLLEBAMBA	121
1186	MOLLEPATA	121
1187	QUIRUVILCA	121
1188	SANTA CRUZ DE CHUCA	121
1189	SANTIAGO DE CHUCO	121
1190	SITABAMBA	121
1191	EL PORVENIR	122
1192	FLORENCIA DE MORA	122
1193	HUANCHACO	122
1194	LA ESPERANZA	122
1195	LAREDO	122
1196	MOCHE	122
1197	POROTO	122
1198	SALAVERRY	122
1199	SIMBAL	122
1200	TRUJILLO	122
1201	VICTOR LARCO HERRERA	122
1202	CHAO	123
1203	GUADALUPITO	123
1204	VIRU	123
1205	CAYALTI	124
1206	CHICLAYO	124
1207	CHONGOYAPE	124
1208	ETEN	124
1209	ETEN PUERTO	124
1210	JOSE LEONARDO ORTIZ	124
1211	LA VICTORIA	124
1212	LAGUNAS	124
1213	MONSEFU	124
1214	NUEVA ARICA	124
1215	OYOTUN	124
1216	PATAPO	124
1217	PICSI	124
1218	PIMENTEL	124
1219	POMALCA	124
1220	PUCALA	124
1221	REQUE	124
1222	SANTA ROSA	124
1223	SAÑA	124
1224	TUMAN	124
1225	CANARIS	125
1226	FERRENAFE	125
1227	INCAHUASI	125
1228	MANUEL A. MESONES MURO	125
1229	PITIPO	125
1230	PUEBLO NUEVO	125
1231	CHOCHOPE	126
1232	ILLIMO	126
1233	JAYANCA	126
1234	LAMBAYEQUE	126
1235	MOCHUMI	126
1236	MORROPE	126
1237	MOTUPE	126
1238	OLMOS	126
1239	PACORA	126
1240	SALAS	126
1241	SAN JOSE	126
1242	TUCUME	126
1243	BARRANCA	127
1244	PARAMONGA	127
1245	PATIVILCA	127
1246	SUPE	127
1247	SUPE PUERTO	127
1248	CAJATAMBO	128
1249	COPA	128
1250	GORGOR	128
1251	HUANCAPON	128
1252	MANAS	128
1253	BELLAVISTA	129
1254	CALLAO	129
1255	CARMEN DE LA LEGUA  REYNOSO	129
1256	LA PERLA	129
1257	LA PUNTA	129
1258	VENTANILLA	129
1259	ARAHUAY	130
1260	CANTA	130
1261	HUAMANTANGA	130
1262	HUAROS	130
1263	LACHAQUI	130
1264	SAN BUENAVENTURA	130
1265	SANTA ROSA DE QUIVES	130
1266	ASIA	131
1267	CALANGO	131
1268	CERRO AZUL	131
1269	CHILCA	131
1270	COAYLLO	131
1271	IMPERIAL	131
1272	LUNAHUANA	131
1273	MALA	131
1274	NUEVO IMPERIAL	131
1275	PACARAN	131
1276	QUILMANA	131
1277	SAN ANTONIO	131
1278	SAN LUIS	131
1279	SAN VICENTE DE CAÑETE	131
1280	SANTA CRUZ DE FLORES	131
1281	ZUÑIGA	131
1282	ATAVILLOS ALTO	132
1283	ATAVILLOS BAJO	132
1284	AUCALLAMA	132
1285	CHANCAY	132
1286	HUARAL	132
1287	IHUARI	132
1288	LAMPIAN	132
1289	PACARAOS	132
1290	SAN MIGUEL DE ACOS	132
1291	SANTA CRUZ DE ANDAMARCA	132
1292	SUMBILCA	132
1293	VEINTISIETE DE NOVIEMBRE	132
1294	ANTIOQUIA	133
1295	CALLAHUANCA	133
1296	CARAMPOMA	133
1297	CHICLA	133
1298	CUENCA	133
1299	HUACHUPAMPA	133
1300	HUANZA	133
1301	HUAROCHIRI	133
1302	LAHUAYTAMBO	133
1303	LANGA	133
1304	LARAOS	133
1305	MARIATANA	133
1306	MATUCANA	133
1307	RICARDO PALMA	133
1308	SAN ANDRES DE TUPICOCHA	133
1309	SAN ANTONIO	133
1310	SAN BARTOLOME	133
1311	SAN DAMIAN	133
1312	SAN JUAN DE IRIS	133
1313	SAN JUAN DE TANTARANCHE	133
1314	SAN LORENZO DE QUINTI	133
1315	SAN MATEO	133
1316	SAN MATEO DE OTAO	133
1317	SAN PEDRO DE CASTA	133
1318	SAN PEDRO DE HUANCAYRE	133
1319	SANGALLAYA	133
1320	SANTA CRUZ DE COCACHACRA	133
1321	SANTA EULALIA	133
1322	SANTIAGO DE ANCHUCAYA	133
1323	SANTIAGO DE TUNA	133
1324	STO. DMGO. DE LOS OLLEROS	133
1325	SURCO	133
1326	AMBAR	134
1327	CALETA DE CARQUIN	134
1328	CHECRAS	134
1329	HUACHO	134
1330	HUALMAY	134
1331	HUAURA	134
1332	LEONCIO PRADO	134
1333	PACCHO	134
1334	SANTA LEONOR	134
1335	SANTA MARIA	134
1336	SAYAN	134
1337	VEGUETA	134
1338	ANCON	135
1339	ATE	135
1340	BARRANCO	135
1341	BREÑA	135
1342	CARABAYLLO	135
1343	CHACLACAYO	135
1344	CHORRILLOS	135
1345	CIENEGUILLA	135
1346	COMAS	135
1347	EL AGUSTINO	135
1348	INDEPENDENCIA	135
1349	JESUS MARIA	135
1350	LA MOLINA	135
1351	LA VICTORIA	135
1352	LIMA	135
1353	LINCE	135
1354	LOS OLIVOS	135
1355	LURIGANCHO	135
1356	LURIN	135
1357	MAGDALENA DEL MAR	135
1358	MAGDALENA VIEJA	135
1359	MIRAFLORES	135
1360	PACHACAMAC	135
1361	PUCUSANA	135
1362	PUENTE PIEDRA	135
1363	PUNTA HERMOSA	135
1364	PUNTA NEGRA	135
1365	RIMAC	135
1366	SAN BARTOLO	135
1367	SAN BORJA	135
1368	SAN ISIDRO	135
1369	SAN JUAN DE LURIGANCHO	135
1370	SAN JUAN DE MIRAFLORES	135
1371	SAN LUIS	135
1372	SAN MARTIN DE PORRES	135
1373	SAN MIGUEL	135
1374	SANTA ANITA	135
1375	SANTA MARIA DEL MAR	135
1376	SANTA ROSA	135
1377	SANTIAGO DE SURCO	135
1378	SURQUILLO	135
1379	VILLA EL SALVADOR	135
1380	VILLA MARIA DEL TRIUNFO	135
1381	ANDAJES	136
1382	CAUJUL	136
1383	COCHAMARCA	136
1384	NAVAN	136
1385	OYON	136
1386	PACHANGARA	136
1387	ALIS	137
1388	AYAUCA	137
1389	AYAVIRI	137
1390	AZANGARO	137
1391	CACRA	137
1392	CARANIA	137
1393	CATAHUASI	137
1394	CHOCOS	137
1395	COCHAS	137
1396	COLONIA	137
1397	HONGOS	137
1398	HUAMPARA	137
1399	HUANCAYA	137
1400	HUANGASCAR	137
1401	HUANTAN	137
1402	HUAYEC	137
1403	LARAOS	137
1404	LINCHA	137
1405	MADEAN	137
1406	MIRAFLORES	137
1407	OMAS	137
1408	PUTINZA	137
1409	QUINCHES	137
1410	QUINOCAY	137
1411	SAN JOAQUIN	137
1412	SAN PEDRO DE PILAS	137
1413	TANTA	137
1414	TAURIPAMPA	137
1415	TOMAS	137
1416	TUPE	137
1417	VIÑAC	137
1418	VITIS	137
1419	YAUYOS	137
1420	BALSAPUERTO	138
1421	BARRANCA	138
1422	CAHUAPANAS	138
1423	JEBEROS	138
1424	LAGUNAS	138
1425	MANSERICHE	138
1426	MORONA	138
1427	PASTAZA	138
1428	SANTA CRUZ	138
1429	TENIENTE CESAR LOPEZ ROJAS	138
1430	YURIMAGUAS	138
1431	NAUTA	139
1432	PARINARI	139
1433	TIGRE	139
1434	TROMPETEROS	139
1435	URARINAS	139
1436	PEBAS	140
1437	RAMON CASTILLA	140
1438	SAN PABLO	140
1439	YAVARI	140
1440	ALTO NANAY	141
1441	BELEN	141
1442	FERNANDO LORES	141
1443	INDIANA	141
1444	IQUITOS	141
1445	LAS AMAZONAS	141
1446	MAZAN	141
1447	NAPO	141
1448	PUNCHANA	141
1449	PUTUMAYO	141
1450	SAN JUAN BAUTISTA	141
1451	TORRES CAUSANA	141
1452	ALTO TAPICHE	142
1453	CAPELO	142
1454	EMILIO SAN MARTIN	142
1455	JENARO HERRERA	142
1456	MAQUIA	142
1457	PUINAHUA	142
1458	REQUENA	142
1459	SAQUENA	142
1460	SOPLIN	142
1461	TAPICHE	142
1462	YAQUERANA	142
1463	YAQUERANA	142
1464	CONTAMANA	143
1465	INAHUAYA	143
1466	PADRE MARQUEZ	143
1467	PAMPA HERMOSA	143
1468	SARAYACU	143
1469	VARGAS GUERRA	143
1470	FITZCARRALD	144
1471	HUEPETUCHE	144
1472	MADRE DE DIOS	144
1473	MANU	144
1474	IBERIA	145
1475	IÑAPARI	145
1476	TAHUAMANU	145
1477	INAMBARI	146
1478	LABERINTO	146
1479	LAS PIEDRAS	146
1480	TAMBOPATA	146
1481	CHOJATA	147
1482	COALAQUE	147
1483	ICHUYA	147
1484	LA CAPILLA	147
1485	LLOQUE	147
1486	MATALAQUE	147
1487	OMATE	147
1488	PUQUINA	147
1489	QUINISTAQUILLAS	147
1490	UBINAS	147
1491	YUNGA	147
1492	EL ALGARROBAL	148
1493	ILO	148
1494	PACOCHA	148
1495	CARUMAS	149
1496	CUCHUMBAYA	149
1497	MOQUEGUA	149
1498	SAMEGUA	149
1499	SAN CRISTOBAL	149
1500	TORATA	149
1501	CHACAYAN	150
1502	GOYLLARISQUIZGA	150
1503	PAUCAR	150
1504	SAN PEDRO DE PILLAO	150
1505	SANTA ANA DE TUSI	150
1506	TAPUC	150
1507	VILCABAMBA	150
1508	YANAHUANCA	150
1509	CHONTABAMBA	151
1510	HUANCABAMBA	151
1511	OXAPAMPA	151
1512	PALCAZU	151
1513	POZUZO	151
1514	PUERTO BERMUDEZ	151
1515	VILLA RICA	151
1516	CHAUPIMARCA	152
1517	HUACHON	152
1518	HUARIACA	152
1519	HUAYLLAY	152
1520	NINACACA	152
1521	PALLANCHACRA	152
1522	PAUCARTAMBO	152
1523	SAN FCO.DE ASIS DE YARUSYACAN	152
1524	SIMON BOLIVAR	152
1525	TICLACAYAN	152
1526	TINYAHUARCO	152
1527	VICCO	152
1528	YANACANCHA	152
1529	AYABACA	153
1530	FRIAS	153
1531	JILILI	153
1532	LAGUNAS	153
1533	MONTERO	153
1534	PACAIPAMPA	153
1535	PAIMAS	153
1536	SAPILLICA	153
1537	SICCHEZ	153
1538	SUYO	153
1539	CANCHAQUE	154
1540	EL CARMEN DE LA FRONTERA	154
1541	HUANCABAMBA	154
1542	HUARMACA	154
1543	LALAQUIZ	154
1544	SAN MIGUEL DE EL FAIQUE	154
1545	SONDOR	154
1546	SONDORILLO	154
1547	BUENOS AIRES	155
1548	CHALACO	155
1549	CHULUCANAS	155
1550	LA MATANZA	155
1551	MORROPON	155
1552	SALITRAL	155
1553	SAN JUAN DE BIGOTE	155
1554	SANTA CATALINA DE MOSSA	155
1555	SANTO DOMINGO	155
1556	YAMANGO	155
1557	AMOTAPE	156
1558	ARENAL	156
1559	COLAN	156
1560	LA HUACA	156
1561	PAITA	156
1562	TAMARINDO	156
1563	VICHAYAL	156
1564	CASTILLA	157
1565	CATACAOS	157
1566	CURA MORI	157
1567	EL TALLAN	157
1568	LA ARENA	157
1569	LA UNION	157
1570	LAS LOMAS	157
1571	PIURA	157
1572	TAMBO GRANDE	157
1573	BELLAVISTA DE LA UNION	158
1574	BERNAL	158
1575	CRISTO NOS VALGA	158
1576	RINCONADA LLICUAR	158
1577	SECHURA	158
1578	VICE	158
1579	BELLAVISTA	159
1580	IGNACIO ESCUDERO	159
1581	LANCONES	159
1582	MARCAVELICA	159
1583	MIGUEL CHECA	159
1584	QUERECOTILLO	159
1585	SALITRAL	159
1586	SULLANA	159
1587	EL ALTO	160
1588	LA BREA	160
1589	LOBITOS	160
1590	LOS ORGANOS	160
1591	MANCORA	160
1592	PARIÑAS	160
1593	ACHAYA	161
1594	ARAPA	161
1595	ASILLO	161
1596	AZANGARO	161
1597	CAMINACA	161
1598	CHUPA	161
1599	JOSE D. CHOQUEHUANCA	161
1600	MUYANI	161
1601	POTONI	161
1602	SAMAN	161
1603	SAN ANTON	161
1604	SAN JOSE	161
1605	SAN JUAN DE SALINAS	161
1606	SANTIAGO DE PUPUJA	161
1607	TIRAPATA	161
1608	AJOYANI	162
1609	AYAPATA	162
1610	COASA	162
1611	CORANI	162
1612	CRUCERO	162
1613	ITUATA	162
1614	MACUSANI	162
1615	OLLACHEA	162
1616	SAN GABAN	162
1617	USICAYOS	162
1618	DESAGUADERO	163
1619	HUACULLANI	163
1620	JULI	163
1621	KELLUYO	163
1622	PISACOMA	163
1623	POMATA	163
1624	ZEPITA	163
1625	CAPAZO	164
1626	CONDURIRI	164
1627	ILAVE	164
1628	PILCUYO	164
1629	SANTA ROSA	164
1630	COJATA	165
1631	HUANCANE	165
1632	HUATASANI	165
1633	INCHUPALLA	165
1634	PUSI	165
1635	ROSASPATA	165
1636	TARACO	165
1637	VILQUE CHICO	165
1638	CABANILLA	166
1639	CALAPUJA	166
1640	LAMPA	166
1641	NICASIO	166
1642	OCUVIRI	166
1643	PALCA	166
1644	PARATIA	166
1645	PUCARA	166
1646	SANTA LUCIA	166
1647	VILAVILA	166
1648	ANTAUTA	167
1649	AYAVIRI	167
1650	CUPI	167
1651	LLALLI	167
1652	MACARI	167
1653	NUYOA	167
1654	ORURILLO	167
1655	SANTA ROSA	167
1656	UMACHIRI	167
1657	CONIMA	168
1658	HUAYRAPATA	168
1659	MOHO	168
1660	TILALI	168
1661	ACORA	169
1662	AMANTANI	169
1663	ATUNCOLLA	169
1664	CAPACHICA	169
1665	CHUCUITO	169
1666	COATA	169
1667	HUATA	169
1668	MAYAZO	169
1669	PAUCARCOLLA	169
1670	PICHACANI	169
1671	PLATERIA	169
1672	PUNO	169
1673	SAN ANTONIO	169
1674	TIQUILLACA	169
1675	VILQUE	169
1676	ANANEA	170
1677	PEDRO VILCA APAZA	170
1678	PUTINA	170
1679	QUILCAPUNCU	170
1680	SINA	170
1681	CABANA	171
1682	CABANILLAS	171
1683	CARACOTO	171
1684	JULIACA	171
1685	ALTO INAMBARI	172
1686	CUYOCUYO	172
1687	LIMBANI	172
1688	PATAMBUCO	172
1689	PHARA	172
1690	QUIACA	172
1691	SAN JUAN DEL ORO	172
1692	SANDIA	172
1693	YANAHUAYA	172
1694	ANAPIA	173
1695	COPANI	173
1696	CUTURAPI	173
1697	OLLARAYA	173
1698	TINICACHI	173
1699	UNICACHI	173
1700	YUNGUYO	173
1701	ALTO BIAVO	174
1702	BAJO BIAVO	174
1703	BELLAVISTA	174
1704	HUALLAGA	174
1705	SAN PABLO	174
1706	SAN RAFAEL	174
1707	AGUA BLANCA	175
1708	SAN JOSE DE SISA	175
1709	SAN MARTIN	175
1710	SANTA ROSA	175
1711	SHATOJA	175
1712	ALTO SAPOSOA	176
1713	EL ESLABON	176
1714	PISCOYACU	176
1715	SACANCHE	176
1716	SAPOSOA	176
1717	TINGO DE SAPOSOA	176
1718	ALONSO DE ALVARADO	177
1719	BARRANQUITA	177
1720	CAYNARACHI	177
1721	CUÑUMBUQUI	177
1722	LAMAS	177
1723	PINTO RECODO	177
1724	RUMISAPA	177
1725	SAN ROQUE DE CUMBAZA	177
1726	SHANAO	177
1727	TABALOSOS	177
1728	ZAPATERO	177
1729	CAMPANILLA	178
1730	HUICUNGO	178
1731	JUANJUI	178
1732	PACHIZA	178
1733	PAJARILLO	178
1734	CALZADA	179
1735	HABANA	179
1736	JEPELACIO	179
1737	MOYOBAMBA	179
1738	SORITOR	179
1739	YANTALO	179
1740	BUENOS AIRES	180
1741	CASPISAPA	180
1742	PICOTA	180
1743	PILLUANA	180
1744	PUCACACA	180
1745	SAN CRISTOBAL	180
1746	SAN HILARION	180
1747	SHAMBOYACU	180
1748	TINGO DE PONASA	180
1749	TRES UNIDOS	180
1750	AWAJUN	181
1751	ELIAS SOPLIN VARGAS	181
1752	NUEVA CAJAMARCA	181
1753	PARDO MIGUEL	181
1754	POSIC	181
1755	RIOJA	181
1756	SAN FERNANDO	181
1757	YORONGOS	181
1758	YURACYACU	181
1759	ALBERTO LEVEAU	182
1760	CACATACHI	182
1761	CHAZUTA	182
1762	CHIPURANA	182
1763	EL PORVENIR	182
1764	HUIMBAYOC	182
1765	JUAN GUERRA	182
1766	LA BANDA DE SHILCAYO	182
1767	MORALES	182
1768	PAPAPLAYA	182
1769	SAN ANTONIO	182
1770	SAUCE	182
1771	SHAPAJA	182
1772	TARAPOTO	182
1773	NUEVO PROGRESO	183
1774	POLVORA	183
1775	SHUNTE	183
1776	TOCACHE	183
1777	UCHIZA	183
1778	CAIRANI	184
1779	CAMILACA	184
1780	CANDARAVE	184
1781	CURIBAYA	184
1782	HUANUARA	184
1783	QUILAHUANI	184
1784	ILABAYA	185
1785	ITE	185
1786	LOCUMBA	185
1787	ALTO DE LA ALIANZA	186
1788	CALANA	186
1789	CIUDAD NUEVA	186
1790	GREGORIO ALBARRACIN LANCHIPA	186
1791	INCLAN	186
1792	PACHIA	186
1793	PALCA	186
1794	POCOLLAY	186
1795	SAMA	186
1796	TACNA	186
1797	ESTIQUE	187
1798	ESTIQUE-PAMPA	187
1799	HEROES ALBARRACIN	187
1800	SITAJARA	187
1801	SUSAPAYA	187
1802	TARATA	187
1803	TARUCACHI	187
1804	TICACO	187
1805	CASITAS	188
1806	ZORRITOS	188
1807	CORRALES	189
1808	LA CRUZ	189
1809	PAMPAS DE HOSPITAL	189
1810	SAN JACINTO	189
1811	SAN JUAN DE LA VIRGEN	189
1812	TUMBES	189
1813	AGUAS VERDES	190
1814	MATAPALO	190
1815	PAPAYAL	190
1816	ZARUMILLA	190
1817	RAYMONDI	191
1818	SEPAHUA	191
1819	TAHUANIA	191
1820	YURUA	191
1821	CALLERIA	192
1822	CAMPOVERDE	192
1823	IPARIA	192
1824	MASISEA	192
1825	NUEVA REQUENA	192
1826	YARINACOCHA	192
1827	CURIMANA	193
1828	IRAZOLA	193
1829	PADRE ABAD	193
1830	PURUS	194
\.


--
-- Data for Name: pais; Type: TABLE DATA; Schema: public; Owner: postgres
--

COPY public.pais (idpais, pais, nacionalidad) FROM stdin;
1	PERU	PERUANA
\.


--
-- Data for Name: personas; Type: TABLE DATA; Schema: public; Owner: postgres
--

COPY public.personas (idclientes, cliente, dni, numero, iddistrito) FROM stdin;
1	Sarah Brown	69039835	952944969	1344
2	Christine Smith	23169512	923893997	1365
3	Brian Wang	91575596	993643825	1371
4	Zachary Weaver	47772671	923021440	1344
5	Shelly Ruiz	65072779	998996701	1362
6	Samantha Smith	85627241	922128534	1369
7	Johnny Travis	89697770	973648514	1340
8	Gregory Johnson	59734740	984558095	1347
9	Jeremy Norman	39977661	998951452	1347
10	Caitlyn Hardin	54756014	993622021	1352
11	Adrienne Perry	78980204	970122147	1377
12	Kim Vincent	13225055	974585960	1375
13	Christopher Cox	64935340	988651744	1366
14	Sarah Shepherd DVM	69902830	934250228	1375
15	John Conway	39501162	957216935	1345
16	Michelle Perkins	23672318	997160699	1351
17	Deanna Dickson	45007623	996068154	1344
18	Kathleen Washington	83014569	940920221	1379
19	Kenneth Allen	45739701	974377899	1376
20	Katelyn Smith	75773053	980253540	1360
21	Craig Ramirez	46115610	946254090	1346
22	Leslie Williams	42479853	949112028	1368
23	Andrea Kelley	69665073	949969367	1378
24	Jermaine Alexander	91260257	998991186	1364
25	Courtney Johnson	49318305	967130665	1357
26	Kimberly Terry	12437925	962136903	1372
27	Rebecca Bell	39196323	984164628	1349
28	Bernard Collins	37899230	930941708	1366
29	Cynthia Fox	22824560	934827270	1346
30	Ricky Huber	76447461	997299093	1378
31	Phillip Osborne	33710073	971482744	1345
32	Richard Valdez	88318450	999950221	1354
33	Ashley Espinoza	92539635	947138858	1375
34	Steven Ortiz	96559557	947864338	1377
35	Jeanne Martinez	99843594	984672229	1370
36	John Martinez	90096433	957109485	1368
37	Sue Hester	31961993	995155430	1376
38	Gina Cantu	15916269	980204632	1350
39	Melissa Santos	91587524	937796875	1380
40	Becky Kelly	56818003	943797971	1344
41	Ethan Green	57646667	933873353	1347
42	Adam Smith	68493712	960479764	1357
43	Justin Harrison	84951554	956917600	1371
44	Laurie Hall	19202593	948619567	1350
45	Jessica Davis	13350880	924961187	1369
46	James Carson MD	96112502	964169301	1365
47	Elizabeth Frank	94509079	970661317	1369
48	Melanie Snyder	70273206	939229363	1358
49	Michael Alvarez	77577531	996672532	1348
50	Carl Rollins	53485722	980445213	1352
\.


--
-- Data for Name: produccion; Type: TABLE DATA; Schema: public; Owner: postgres
--

COPY public.produccion (id_produccion, fecha, id_producto, cantidad) FROM stdin;
1	2025-01-01	1	13
2	2025-01-01	2	13
3	2025-01-01	3	1676
4	2025-01-01	4	219
5	2025-01-01	5	10
6	2025-01-01	6	158
7	2025-01-01	7	152
8	2025-01-01	8	9
9	2025-01-01	9	526
10	2025-01-01	10	462
11	2025-01-01	11	4
12	2025-01-01	12	542
13	2025-01-01	13	2
14	2025-01-01	14	362
15	2025-01-01	15	172
16	2025-01-01	16	141
17	2025-01-01	17	16
18	2025-01-01	18	50
19	2025-01-01	19	50
20	2025-01-01	20	51
21	2025-01-01	21	39
22	2025-01-01	22	28
23	2025-01-01	23	9
24	2025-01-01	24	6
25	2025-01-01	25	10
26	2025-01-01	26	69
27	2025-01-02	1	17
28	2025-01-02	2	15
29	2025-01-02	3	1678
30	2025-01-02	4	220
31	2025-01-02	5	11
32	2025-01-02	6	154
33	2025-01-02	7	153
34	2025-01-02	8	6
35	2025-01-02	9	527
36	2025-01-02	10	463
37	2025-01-02	11	5
38	2025-01-02	12	537
39	2025-01-02	13	4
40	2025-01-02	14	361
41	2025-01-02	15	175
42	2025-01-02	16	142
43	2025-01-02	17	12
44	2025-01-02	18	46
45	2025-01-02	19	48
46	2025-01-02	20	52
47	2025-01-02	21	38
48	2025-01-02	22	27
49	2025-01-02	23	11
50	2025-01-02	24	9
51	2025-01-02	25	8
52	2025-01-02	26	66
53	2025-01-03	1	16
54	2025-01-03	2	15
55	2025-01-03	3	1678
56	2025-01-03	4	219
57	2025-01-03	5	8
58	2025-01-03	6	158
59	2025-01-03	7	149
60	2025-01-03	8	4
61	2025-01-03	9	524
62	2025-01-03	10	464
63	2025-01-03	11	7
64	2025-01-03	12	541
65	2025-01-03	13	6
66	2025-01-03	14	359
67	2025-01-03	15	171
68	2025-01-03	16	140
69	2025-01-03	17	12
70	2025-01-03	18	46
71	2025-01-03	19	48
72	2025-01-03	20	48
73	2025-01-03	21	38
74	2025-01-03	22	29
75	2025-01-03	23	12
76	2025-01-03	24	10
77	2025-01-03	25	5
78	2025-01-03	26	65
79	2025-01-04	1	14
80	2025-01-04	2	13
81	2025-01-04	3	1679
82	2025-01-04	4	218
83	2025-01-04	5	11
84	2025-01-04	6	154
85	2025-01-04	7	153
86	2025-01-04	8	5
87	2025-01-04	9	525
88	2025-01-04	10	461
89	2025-01-04	11	8
90	2025-01-04	12	537
91	2025-01-04	13	4
92	2025-01-04	14	364
93	2025-01-04	15	173
94	2025-01-04	16	145
95	2025-01-04	17	14
96	2025-01-04	18	51
97	2025-01-04	19	47
98	2025-01-04	20	49
99	2025-01-04	21	39
100	2025-01-04	22	31
101	2025-01-04	23	8
102	2025-01-04	24	10
103	2025-01-04	25	7
104	2025-01-04	26	65
105	2025-01-06	1	13
106	2025-01-06	2	15
107	2025-01-06	3	1674
108	2025-01-06	4	218
109	2025-01-06	5	11
110	2025-01-06	6	156
111	2025-01-06	7	153
112	2025-01-06	8	4
113	2025-01-06	9	529
114	2025-01-06	10	465
115	2025-01-06	11	4
116	2025-01-06	12	538
117	2025-01-06	13	4
118	2025-01-06	14	364
119	2025-01-06	15	171
120	2025-01-06	16	144
121	2025-01-06	17	11
122	2025-01-06	18	50
123	2025-01-06	19	50
124	2025-01-06	20	51
125	2025-01-06	21	34
126	2025-01-06	22	31
127	2025-01-06	23	8
128	2025-01-06	24	8
129	2025-01-06	25	5
130	2025-01-06	26	64
131	2025-01-07	1	15
132	2025-01-07	2	14
133	2025-01-07	3	1678
134	2025-01-07	4	218
135	2025-01-07	5	9
136	2025-01-07	6	154
137	2025-01-07	7	153
138	2025-01-07	8	6
139	2025-01-07	9	526
140	2025-01-07	10	464
141	2025-01-07	11	4
142	2025-01-07	12	538
143	2025-01-07	13	5
144	2025-01-07	14	360
145	2025-01-07	15	172
146	2025-01-07	16	141
147	2025-01-07	17	12
148	2025-01-07	18	49
149	2025-01-07	19	48
150	2025-01-07	20	51
151	2025-01-07	21	37
152	2025-01-07	22	32
153	2025-01-07	23	7
154	2025-01-07	24	11
155	2025-01-07	25	7
156	2025-01-07	26	67
157	2025-01-08	1	12
158	2025-01-08	2	14
159	2025-01-08	3	1679
160	2025-01-08	4	215
161	2025-01-08	5	7
162	2025-01-08	6	154
163	2025-01-08	7	152
164	2025-01-08	8	7
165	2025-01-08	9	525
166	2025-01-08	10	464
167	2025-01-08	11	8
168	2025-01-08	12	537
169	2025-01-08	13	8
170	2025-01-08	14	363
171	2025-01-08	15	175
172	2025-01-08	16	140
173	2025-01-08	17	15
174	2025-01-08	18	47
175	2025-01-08	19	45
176	2025-01-08	20	52
177	2025-01-08	21	38
178	2025-01-08	22	31
179	2025-01-08	23	11
180	2025-01-08	24	11
181	2025-01-08	25	10
182	2025-01-08	26	64
183	2025-01-09	1	13
184	2025-01-09	2	15
185	2025-01-09	3	1676
186	2025-01-09	4	218
187	2025-01-09	5	10
188	2025-01-09	6	158
189	2025-01-09	7	150
190	2025-01-09	8	7
191	2025-01-09	9	527
192	2025-01-09	10	463
193	2025-01-09	11	5
194	2025-01-09	12	539
195	2025-01-09	13	7
196	2025-01-09	14	364
197	2025-01-09	15	174
198	2025-01-09	16	142
199	2025-01-09	17	16
200	2025-01-09	18	48
201	2025-01-09	19	48
202	2025-01-09	20	49
203	2025-01-09	21	38
204	2025-01-09	22	32
205	2025-01-09	23	11
206	2025-01-09	24	7
207	2025-01-09	25	7
208	2025-01-09	26	64
209	2025-01-10	1	14
210	2025-01-10	2	15
211	2025-01-10	3	1676
212	2025-01-10	4	216
213	2025-01-10	5	11
214	2025-01-10	6	154
215	2025-01-10	7	149
216	2025-01-10	8	4
217	2025-01-10	9	526
218	2025-01-10	10	463
219	2025-01-10	11	8
220	2025-01-10	12	539
221	2025-01-10	13	2
222	2025-01-10	14	363
223	2025-01-10	15	175
224	2025-01-10	16	143
225	2025-01-10	17	11
226	2025-01-10	18	46
227	2025-01-10	19	46
228	2025-01-10	20	49
229	2025-01-10	21	35
230	2025-01-10	22	29
231	2025-01-10	23	9
232	2025-01-10	24	6
233	2025-01-10	25	5
234	2025-01-10	26	67
235	2025-01-11	1	17
236	2025-01-11	2	11
237	2025-01-11	3	1679
238	2025-01-11	4	217
239	2025-01-11	5	11
240	2025-01-11	6	155
241	2025-01-11	7	149
242	2025-01-11	8	6
243	2025-01-11	9	526
244	2025-01-11	10	461
245	2025-01-11	11	6
246	2025-01-11	12	537
247	2025-01-11	13	7
248	2025-01-11	14	364
249	2025-01-11	15	171
250	2025-01-11	16	142
251	2025-01-11	17	11
252	2025-01-11	18	46
253	2025-01-11	19	45
254	2025-01-11	20	49
255	2025-01-11	21	37
256	2025-01-11	22	31
257	2025-01-11	23	12
258	2025-01-11	24	6
259	2025-01-11	25	5
260	2025-01-11	26	65
261	2025-01-13	1	14
262	2025-01-13	2	15
263	2025-01-13	3	1674
264	2025-01-13	4	215
265	2025-01-13	5	8
266	2025-01-13	6	155
267	2025-01-13	7	153
268	2025-01-13	8	5
269	2025-01-13	9	528
270	2025-01-13	10	466
271	2025-01-13	11	5
272	2025-01-13	12	540
273	2025-01-13	13	2
274	2025-01-13	14	359
275	2025-01-13	15	174
276	2025-01-13	16	140
277	2025-01-13	17	15
278	2025-01-13	18	50
279	2025-01-13	19	47
280	2025-01-13	20	53
281	2025-01-13	21	36
282	2025-01-13	22	32
283	2025-01-13	23	8
284	2025-01-13	24	7
285	2025-01-13	25	6
286	2025-01-13	26	65
287	2025-01-14	1	17
288	2025-01-14	2	10
289	2025-01-14	3	1678
290	2025-01-14	4	215
291	2025-01-14	5	10
292	2025-01-14	6	154
293	2025-01-14	7	149
294	2025-01-14	8	6
295	2025-01-14	9	529
296	2025-01-14	10	465
297	2025-01-14	11	8
298	2025-01-14	12	539
299	2025-01-14	13	7
300	2025-01-14	14	359
301	2025-01-14	15	174
302	2025-01-14	16	141
303	2025-01-14	17	12
304	2025-01-14	18	49
305	2025-01-14	19	50
306	2025-01-14	20	48
307	2025-01-14	21	38
308	2025-01-14	22	32
309	2025-01-14	23	10
310	2025-01-14	24	7
311	2025-01-14	25	7
312	2025-01-14	26	65
313	2025-01-15	1	13
314	2025-01-15	2	12
315	2025-01-15	3	1677
316	2025-01-15	4	215
317	2025-01-15	5	9
318	2025-01-15	6	157
319	2025-01-15	7	150
320	2025-01-15	8	8
321	2025-01-15	9	529
322	2025-01-15	10	463
323	2025-01-15	11	3
324	2025-01-15	12	538
325	2025-01-15	13	6
326	2025-01-15	14	363
327	2025-01-15	15	172
328	2025-01-15	16	144
329	2025-01-15	17	14
330	2025-01-15	18	46
331	2025-01-15	19	45
332	2025-01-15	20	49
333	2025-01-15	21	35
334	2025-01-15	22	32
335	2025-01-15	23	9
336	2025-01-15	24	7
337	2025-01-15	25	5
338	2025-01-15	26	68
339	2025-01-16	1	12
340	2025-01-16	2	12
341	2025-01-16	3	1678
342	2025-01-16	4	218
343	2025-01-16	5	11
344	2025-01-16	6	156
345	2025-01-16	7	154
346	2025-01-16	8	6
347	2025-01-16	9	524
348	2025-01-16	10	463
349	2025-01-16	11	5
350	2025-01-16	12	539
351	2025-01-16	13	8
352	2025-01-16	14	360
353	2025-01-16	15	173
354	2025-01-16	16	140
355	2025-01-16	17	12
356	2025-01-16	18	49
357	2025-01-16	19	50
358	2025-01-16	20	53
359	2025-01-16	21	34
360	2025-01-16	22	31
361	2025-01-16	23	11
362	2025-01-16	24	9
363	2025-01-16	25	5
364	2025-01-16	26	69
365	2025-01-17	1	13
366	2025-01-17	2	15
367	2025-01-17	3	1674
368	2025-01-17	4	215
369	2025-01-17	5	11
370	2025-01-17	6	153
371	2025-01-17	7	150
372	2025-01-17	8	4
373	2025-01-17	9	524
374	2025-01-17	10	466
375	2025-01-17	11	3
376	2025-01-17	12	539
377	2025-01-17	13	6
378	2025-01-17	14	359
379	2025-01-17	15	176
380	2025-01-17	16	143
381	2025-01-17	17	11
382	2025-01-17	18	47
383	2025-01-17	19	45
384	2025-01-17	20	50
385	2025-01-17	21	37
386	2025-01-17	22	30
387	2025-01-17	23	8
388	2025-01-17	24	6
389	2025-01-17	25	6
390	2025-01-17	26	68
391	2025-01-18	1	14
392	2025-01-18	2	11
393	2025-01-18	3	1676
394	2025-01-18	4	219
395	2025-01-18	5	8
396	2025-01-18	6	153
397	2025-01-18	7	152
398	2025-01-18	8	4
399	2025-01-18	9	526
400	2025-01-18	10	464
401	2025-01-18	11	8
402	2025-01-18	12	542
403	2025-01-18	13	6
404	2025-01-18	14	363
405	2025-01-18	15	176
406	2025-01-18	16	143
407	2025-01-18	17	16
408	2025-01-18	18	47
409	2025-01-18	19	46
410	2025-01-18	20	50
411	2025-01-18	21	34
412	2025-01-18	22	32
413	2025-01-18	23	8
414	2025-01-18	24	9
415	2025-01-18	25	6
416	2025-01-18	26	68
417	2025-01-20	1	17
418	2025-01-20	2	10
419	2025-01-20	3	1679
420	2025-01-20	4	215
421	2025-01-20	5	10
422	2025-01-20	6	157
423	2025-01-20	7	149
424	2025-01-20	8	4
425	2025-01-20	9	529
426	2025-01-20	10	466
427	2025-01-20	11	7
428	2025-01-20	12	540
429	2025-01-20	13	7
430	2025-01-20	14	364
431	2025-01-20	15	176
432	2025-01-20	16	144
433	2025-01-20	17	13
434	2025-01-20	18	48
435	2025-01-20	19	46
436	2025-01-20	20	50
437	2025-01-20	21	38
438	2025-01-20	22	30
439	2025-01-20	23	10
440	2025-01-20	24	11
441	2025-01-20	25	6
442	2025-01-20	26	66
443	2025-01-21	1	16
444	2025-01-21	2	12
445	2025-01-21	3	1675
446	2025-01-21	4	220
447	2025-01-21	5	10
448	2025-01-21	6	156
449	2025-01-21	7	151
450	2025-01-21	8	7
451	2025-01-21	9	529
452	2025-01-21	10	461
453	2025-01-21	11	6
454	2025-01-21	12	537
455	2025-01-21	13	3
456	2025-01-21	14	363
457	2025-01-21	15	173
458	2025-01-21	16	140
459	2025-01-21	17	13
460	2025-01-21	18	47
461	2025-01-21	19	46
462	2025-01-21	20	49
463	2025-01-21	21	37
464	2025-01-21	22	30
465	2025-01-21	23	12
466	2025-01-21	24	9
467	2025-01-21	25	6
468	2025-01-21	26	64
469	2025-01-22	1	17
470	2025-01-22	2	10
471	2025-01-22	3	1678
472	2025-01-22	4	215
473	2025-01-22	5	9
474	2025-01-22	6	156
475	2025-01-22	7	151
476	2025-01-22	8	4
477	2025-01-22	9	529
478	2025-01-22	10	461
479	2025-01-22	11	4
480	2025-01-22	12	540
481	2025-01-22	13	6
482	2025-01-22	14	362
483	2025-01-22	15	172
484	2025-01-22	16	141
485	2025-01-22	17	12
486	2025-01-22	18	49
487	2025-01-22	19	47
488	2025-01-22	20	53
489	2025-01-22	21	39
490	2025-01-22	22	28
491	2025-01-22	23	12
492	2025-01-22	24	8
493	2025-01-22	25	5
494	2025-01-22	26	67
495	2025-01-23	1	16
496	2025-01-23	2	15
497	2025-01-23	3	1678
498	2025-01-23	4	218
499	2025-01-23	5	11
500	2025-01-23	6	155
501	2025-01-23	7	152
502	2025-01-23	8	9
503	2025-01-23	9	525
504	2025-01-23	10	461
505	2025-01-23	11	3
506	2025-01-23	12	542
507	2025-01-23	13	2
508	2025-01-23	14	362
509	2025-01-23	15	176
510	2025-01-23	16	143
511	2025-01-23	17	12
512	2025-01-23	18	51
513	2025-01-23	19	48
514	2025-01-23	20	52
515	2025-01-23	21	35
516	2025-01-23	22	27
517	2025-01-23	23	8
518	2025-01-23	24	8
519	2025-01-23	25	10
520	2025-01-23	26	66
521	2025-01-24	1	13
522	2025-01-24	2	14
523	2025-01-24	3	1674
524	2025-01-24	4	220
525	2025-01-24	5	8
526	2025-01-24	6	153
527	2025-01-24	7	151
528	2025-01-24	8	4
529	2025-01-24	9	527
530	2025-01-24	10	462
531	2025-01-24	11	3
532	2025-01-24	12	540
533	2025-01-24	13	6
534	2025-01-24	14	363
535	2025-01-24	15	172
536	2025-01-24	16	142
537	2025-01-24	17	11
538	2025-01-24	18	50
539	2025-01-24	19	46
540	2025-01-24	20	51
541	2025-01-24	21	38
542	2025-01-24	22	30
543	2025-01-24	23	9
544	2025-01-24	24	7
545	2025-01-24	25	9
546	2025-01-24	26	67
547	2025-01-25	1	14
548	2025-01-25	2	12
549	2025-01-25	3	1676
550	2025-01-25	4	217
551	2025-01-25	5	6
552	2025-01-25	6	157
553	2025-01-25	7	152
554	2025-01-25	8	5
555	2025-01-25	9	526
556	2025-01-25	10	463
557	2025-01-25	11	3
558	2025-01-25	12	538
559	2025-01-25	13	5
560	2025-01-25	14	360
561	2025-01-25	15	174
562	2025-01-25	16	145
563	2025-01-25	17	13
564	2025-01-25	18	50
565	2025-01-25	19	48
566	2025-01-25	20	52
567	2025-01-25	21	38
568	2025-01-25	22	31
569	2025-01-25	23	11
570	2025-01-25	24	10
571	2025-01-25	25	8
572	2025-01-25	26	66
573	2025-01-27	1	17
574	2025-01-27	2	11
575	2025-01-27	3	1677
576	2025-01-27	4	219
577	2025-01-27	5	6
578	2025-01-27	6	153
579	2025-01-27	7	154
580	2025-01-27	8	8
581	2025-01-27	9	529
582	2025-01-27	10	464
583	2025-01-27	11	7
584	2025-01-27	12	540
585	2025-01-27	13	6
586	2025-01-27	14	359
587	2025-01-27	15	171
588	2025-01-27	16	140
589	2025-01-27	17	12
590	2025-01-27	18	48
591	2025-01-27	19	47
592	2025-01-27	20	48
593	2025-01-27	21	34
594	2025-01-27	22	32
595	2025-01-27	23	12
596	2025-01-27	24	9
597	2025-01-27	25	6
598	2025-01-27	26	65
599	2025-01-28	1	16
600	2025-01-28	2	12
601	2025-01-28	3	1675
602	2025-01-28	4	215
603	2025-01-28	5	10
604	2025-01-28	6	153
605	2025-01-28	7	154
606	2025-01-28	8	8
607	2025-01-28	9	528
608	2025-01-28	10	462
609	2025-01-28	11	7
610	2025-01-28	12	539
611	2025-01-28	13	8
612	2025-01-28	14	360
613	2025-01-28	15	175
614	2025-01-28	16	145
615	2025-01-28	17	15
616	2025-01-28	18	50
617	2025-01-28	19	46
618	2025-01-28	20	48
619	2025-01-28	21	36
620	2025-01-28	22	29
621	2025-01-28	23	11
622	2025-01-28	24	10
623	2025-01-28	25	10
624	2025-01-28	26	68
625	2025-01-29	1	13
626	2025-01-29	2	15
627	2025-01-29	3	1676
628	2025-01-29	4	217
629	2025-01-29	5	11
630	2025-01-29	6	155
631	2025-01-29	7	150
632	2025-01-29	8	8
633	2025-01-29	9	524
634	2025-01-29	10	466
635	2025-01-29	11	8
636	2025-01-29	12	538
637	2025-01-29	13	6
638	2025-01-29	14	359
639	2025-01-29	15	173
640	2025-01-29	16	140
641	2025-01-29	17	14
642	2025-01-29	18	51
643	2025-01-29	19	49
644	2025-01-29	20	49
645	2025-01-29	21	36
646	2025-01-29	22	32
647	2025-01-29	23	12
648	2025-01-29	24	6
649	2025-01-29	25	7
650	2025-01-29	26	68
651	2025-01-30	1	15
652	2025-01-30	2	14
653	2025-01-30	3	1679
654	2025-01-30	4	216
655	2025-01-30	5	11
656	2025-01-30	6	157
657	2025-01-30	7	154
658	2025-01-30	8	5
659	2025-01-30	9	525
660	2025-01-30	10	463
661	2025-01-30	11	8
662	2025-01-30	12	537
663	2025-01-30	13	2
664	2025-01-30	14	362
665	2025-01-30	15	171
666	2025-01-30	16	145
667	2025-01-30	17	12
668	2025-01-30	18	47
669	2025-01-30	19	45
670	2025-01-30	20	48
671	2025-01-30	21	36
672	2025-01-30	22	29
673	2025-01-30	23	9
674	2025-01-30	24	8
675	2025-01-30	25	6
676	2025-01-30	26	66
677	2025-01-31	1	17
678	2025-01-31	2	13
679	2025-01-31	3	1677
680	2025-01-31	4	216
681	2025-01-31	5	11
682	2025-01-31	6	155
683	2025-01-31	7	150
684	2025-01-31	8	9
685	2025-01-31	9	529
686	2025-01-31	10	461
687	2025-01-31	11	7
688	2025-01-31	12	537
689	2025-01-31	13	7
690	2025-01-31	14	361
691	2025-01-31	15	176
692	2025-01-31	16	145
693	2025-01-31	17	11
694	2025-01-31	18	50
695	2025-01-31	19	49
696	2025-01-31	20	49
697	2025-01-31	21	39
698	2025-01-31	22	29
699	2025-01-31	23	11
700	2025-01-31	24	9
701	2025-01-31	25	6
702	2025-01-31	26	68
703	2025-02-01	24	11
704	2025-02-03	24	10
705	2025-02-04	24	8
706	2025-02-05	24	8
707	2025-02-06	24	11
708	2025-02-07	24	10
709	2025-02-08	24	6
710	2025-02-10	24	9
711	2025-02-11	24	10
712	2025-02-12	24	9
713	2025-02-13	24	9
714	2025-02-14	24	11
715	2025-02-15	24	11
716	2025-02-17	24	8
717	2025-02-18	24	6
718	2025-02-19	24	11
719	2025-02-20	24	11
720	2025-02-21	24	6
721	2025-02-22	24	9
722	2025-02-24	24	8
723	2025-02-25	24	6
724	2025-02-26	24	9
725	2025-02-27	24	10
726	2025-02-28	24	8
727	2025-03-01	1	16
728	2025-03-01	2	11
729	2025-03-01	3	1344
730	2025-03-01	4	235
731	2025-03-01	5	8
732	2025-03-01	6	167
733	2025-03-01	7	112
734	2025-03-01	8	4
735	2025-03-01	9	865
736	2025-03-01	10	529
737	2025-03-01	11	8
738	2025-03-01	12	351
739	2025-03-01	13	7
740	2025-03-01	14	223
741	2025-03-01	15	172
742	2025-03-01	16	137
743	2025-03-01	17	16
744	2025-03-01	18	53
745	2025-03-01	19	59
746	2025-03-01	20	51
747	2025-03-01	21	27
748	2025-03-01	22	35
749	2025-03-01	23	9
750	2025-03-01	24	7
751	2025-03-01	25	8
752	2025-03-01	26	96
753	2025-03-03	1	14
754	2025-03-03	2	10
755	2025-03-03	3	1344
756	2025-03-03	4	232
757	2025-03-03	5	7
758	2025-03-03	6	168
759	2025-03-03	7	111
760	2025-03-03	8	5
761	2025-03-03	9	865
762	2025-03-03	10	529
763	2025-03-03	11	4
764	2025-03-03	12	351
765	2025-03-03	13	7
766	2025-03-03	14	223
767	2025-03-03	15	172
768	2025-03-03	16	140
769	2025-03-03	17	12
770	2025-03-03	18	56
771	2025-03-03	19	56
772	2025-03-03	20	48
773	2025-03-03	21	27
774	2025-03-03	22	34
775	2025-03-03	23	10
776	2025-03-03	24	9
777	2025-03-03	25	9
778	2025-03-03	26	94
779	2025-03-04	1	14
780	2025-03-04	2	8
781	2025-03-04	3	1345
782	2025-03-04	4	235
783	2025-03-04	5	8
784	2025-03-04	6	167
785	2025-03-04	7	109
786	2025-03-04	8	7
787	2025-03-04	9	864
788	2025-03-04	10	525
789	2025-03-04	11	8
790	2025-03-04	12	353
791	2025-03-04	13	2
792	2025-03-04	14	223
793	2025-03-04	15	174
794	2025-03-04	16	139
795	2025-03-04	17	12
796	2025-03-04	18	54
797	2025-03-04	19	57
798	2025-03-04	20	52
799	2025-03-04	21	24
800	2025-03-04	22	35
801	2025-03-04	23	8
802	2025-03-04	24	11
803	2025-03-04	25	10
804	2025-03-04	26	97
805	2025-03-05	1	12
806	2025-03-05	2	8
807	2025-03-05	3	1344
808	2025-03-05	4	232
809	2025-03-05	5	4
810	2025-03-05	6	165
811	2025-03-05	7	108
812	2025-03-05	8	6
813	2025-03-05	9	861
814	2025-03-05	10	527
815	2025-03-05	11	5
816	2025-03-05	12	351
817	2025-03-05	13	3
818	2025-03-05	14	224
819	2025-03-05	15	174
820	2025-03-05	16	137
821	2025-03-05	17	15
822	2025-03-05	18	55
823	2025-03-05	19	59
824	2025-03-05	20	48
825	2025-03-05	21	27
826	2025-03-05	22	32
827	2025-03-05	23	11
828	2025-03-05	24	11
829	2025-03-05	25	8
830	2025-03-05	26	95
831	2025-03-06	1	16
832	2025-03-06	2	10
833	2025-03-06	3	1340
834	2025-03-06	4	233
835	2025-03-06	5	5
836	2025-03-06	6	165
837	2025-03-06	7	108
838	2025-03-06	8	5
839	2025-03-06	9	861
840	2025-03-06	10	526
841	2025-03-06	11	7
842	2025-03-06	12	350
843	2025-03-06	13	2
844	2025-03-06	14	226
845	2025-03-06	15	171
846	2025-03-06	16	139
847	2025-03-06	17	14
848	2025-03-06	18	54
849	2025-03-06	19	59
850	2025-03-06	20	53
851	2025-03-06	21	29
852	2025-03-06	22	34
853	2025-03-06	23	7
854	2025-03-06	24	10
855	2025-03-06	25	11
856	2025-03-06	26	98
857	2025-03-07	1	14
858	2025-03-07	2	9
859	2025-03-07	3	1340
860	2025-03-07	4	234
861	2025-03-07	5	5
862	2025-03-07	6	168
863	2025-03-07	7	111
864	2025-03-07	8	4
865	2025-03-07	9	863
866	2025-03-07	10	527
867	2025-03-07	11	7
868	2025-03-07	12	352
869	2025-03-07	13	5
870	2025-03-07	14	224
871	2025-03-07	15	175
872	2025-03-07	16	136
873	2025-03-07	17	16
874	2025-03-07	18	51
875	2025-03-07	19	61
876	2025-03-07	20	53
877	2025-03-07	21	27
878	2025-03-07	22	37
879	2025-03-07	23	12
880	2025-03-07	24	6
881	2025-03-07	25	9
882	2025-03-07	26	98
883	2025-03-08	1	11
884	2025-03-08	2	12
885	2025-03-08	3	1340
886	2025-03-08	4	234
887	2025-03-08	5	9
888	2025-03-08	6	168
889	2025-03-08	7	107
890	2025-03-08	8	7
891	2025-03-08	9	864
892	2025-03-08	10	528
893	2025-03-08	11	9
894	2025-03-08	12	353
895	2025-03-08	13	2
896	2025-03-08	14	223
897	2025-03-08	15	175
898	2025-03-08	16	139
899	2025-03-08	17	16
900	2025-03-08	18	56
901	2025-03-08	19	58
902	2025-03-08	20	48
903	2025-03-08	21	24
904	2025-03-08	22	32
905	2025-03-08	23	12
906	2025-03-08	24	9
907	2025-03-08	25	11
908	2025-03-08	26	99
909	2025-03-10	1	14
910	2025-03-10	2	12
911	2025-03-10	3	1341
912	2025-03-10	4	234
913	2025-03-10	5	9
914	2025-03-10	6	166
915	2025-03-10	7	112
916	2025-03-10	8	8
917	2025-03-10	9	863
918	2025-03-10	10	527
919	2025-03-10	11	8
920	2025-03-10	12	354
921	2025-03-10	13	3
922	2025-03-10	14	224
923	2025-03-10	15	172
924	2025-03-10	16	139
925	2025-03-10	17	15
926	2025-03-10	18	54
927	2025-03-10	19	60
928	2025-03-10	20	50
929	2025-03-10	21	25
930	2025-03-10	22	36
931	2025-03-10	23	12
932	2025-03-10	24	11
933	2025-03-10	25	10
934	2025-03-10	26	96
935	2025-03-11	1	14
936	2025-03-11	2	12
937	2025-03-11	3	1345
938	2025-03-11	4	233
939	2025-03-11	5	8
940	2025-03-11	6	169
941	2025-03-11	7	109
942	2025-03-11	8	9
943	2025-03-11	9	864
944	2025-03-11	10	527
945	2025-03-11	11	9
946	2025-03-11	12	352
947	2025-03-11	13	2
948	2025-03-11	14	228
949	2025-03-11	15	174
950	2025-03-11	16	136
951	2025-03-11	17	12
952	2025-03-11	18	52
953	2025-03-11	19	57
954	2025-03-11	20	52
955	2025-03-11	21	25
956	2025-03-11	22	36
957	2025-03-11	23	10
958	2025-03-11	24	7
959	2025-03-11	25	10
960	2025-03-11	26	94
961	2025-03-12	1	11
962	2025-03-12	2	12
963	2025-03-12	3	1344
964	2025-03-12	4	233
965	2025-03-12	5	8
966	2025-03-12	6	166
967	2025-03-12	7	109
968	2025-03-12	8	5
969	2025-03-12	9	860
970	2025-03-12	10	529
971	2025-03-12	11	8
972	2025-03-12	12	355
973	2025-03-12	13	3
974	2025-03-12	14	225
975	2025-03-12	15	175
976	2025-03-12	16	139
977	2025-03-12	17	15
978	2025-03-12	18	53
979	2025-03-12	19	56
980	2025-03-12	20	53
981	2025-03-12	21	27
982	2025-03-12	22	36
983	2025-03-12	23	10
984	2025-03-12	24	8
985	2025-03-12	25	8
986	2025-03-12	26	96
987	2025-03-13	1	14
988	2025-03-13	2	9
989	2025-03-13	3	1344
990	2025-03-13	4	236
991	2025-03-13	5	4
992	2025-03-13	6	165
993	2025-03-13	7	110
994	2025-03-13	8	9
995	2025-03-13	9	862
996	2025-03-13	10	525
997	2025-03-13	11	4
998	2025-03-13	12	352
999	2025-03-13	13	7
1000	2025-03-13	14	224
1001	2025-03-13	15	171
1002	2025-03-13	16	139
1003	2025-03-13	17	15
1004	2025-03-13	18	56
1005	2025-03-13	19	58
1006	2025-03-13	20	53
1007	2025-03-13	21	29
1008	2025-03-13	22	34
1009	2025-03-13	23	11
1010	2025-03-13	24	7
1011	2025-03-13	25	8
1012	2025-03-13	26	98
1013	2025-03-14	1	15
1014	2025-03-14	2	9
1015	2025-03-14	3	1343
1016	2025-03-14	4	236
1017	2025-03-14	5	8
1018	2025-03-14	6	168
1019	2025-03-14	7	107
1020	2025-03-14	8	9
1021	2025-03-14	9	861
1022	2025-03-14	10	530
1023	2025-03-14	11	9
1024	2025-03-14	12	350
1025	2025-03-14	13	2
1026	2025-03-14	14	224
1027	2025-03-14	15	173
1028	2025-03-14	16	140
1029	2025-03-14	17	14
1030	2025-03-14	18	56
1031	2025-03-14	19	57
1032	2025-03-14	20	50
1033	2025-03-14	21	28
1034	2025-03-14	22	34
1035	2025-03-14	23	7
1036	2025-03-14	24	11
1037	2025-03-14	25	11
1038	2025-03-14	26	98
1039	2025-03-15	1	13
1040	2025-03-15	2	13
1041	2025-03-15	3	1340
1042	2025-03-15	4	233
1043	2025-03-15	5	8
1044	2025-03-15	6	166
1045	2025-03-15	7	110
1046	2025-03-15	8	8
1047	2025-03-15	9	862
1048	2025-03-15	10	525
1049	2025-03-15	11	5
1050	2025-03-15	12	351
1051	2025-03-15	13	2
1052	2025-03-15	14	223
1053	2025-03-15	15	173
1054	2025-03-15	16	138
1055	2025-03-15	17	16
1056	2025-03-15	18	51
1057	2025-03-15	19	61
1058	2025-03-15	20	48
1059	2025-03-15	21	24
1060	2025-03-15	22	34
1061	2025-03-15	23	8
1062	2025-03-15	24	11
1063	2025-03-15	25	11
1064	2025-03-15	26	99
1065	2025-03-17	1	12
1066	2025-03-17	2	8
1067	2025-03-17	3	1340
1068	2025-03-17	4	232
1069	2025-03-17	5	5
1070	2025-03-17	6	165
1071	2025-03-17	7	109
1072	2025-03-17	8	4
1073	2025-03-17	9	864
1074	2025-03-17	10	525
1075	2025-03-17	11	8
1076	2025-03-17	12	354
1077	2025-03-17	13	2
1078	2025-03-17	14	226
1079	2025-03-17	15	171
1080	2025-03-17	16	138
1081	2025-03-17	17	12
1082	2025-03-17	18	53
1083	2025-03-17	19	58
1084	2025-03-17	20	52
1085	2025-03-17	21	28
1086	2025-03-17	22	32
1087	2025-03-17	23	8
1088	2025-03-17	24	9
1089	2025-03-17	25	12
1090	2025-03-17	26	99
1091	2025-03-18	1	12
1092	2025-03-18	2	12
1093	2025-03-18	3	1340
1094	2025-03-18	4	235
1095	2025-03-18	5	9
1096	2025-03-18	6	169
1097	2025-03-18	7	108
1098	2025-03-18	8	8
1099	2025-03-18	9	863
1100	2025-03-18	10	526
1101	2025-03-18	11	9
1102	2025-03-18	12	354
1103	2025-03-18	13	4
1104	2025-03-18	14	223
1105	2025-03-18	15	176
1106	2025-03-18	16	135
1107	2025-03-18	17	16
1108	2025-03-18	18	55
1109	2025-03-18	19	60
1110	2025-03-18	20	53
1111	2025-03-18	21	26
1112	2025-03-18	22	32
1113	2025-03-18	23	12
1114	2025-03-18	24	9
1115	2025-03-18	25	11
1116	2025-03-18	26	96
1117	2025-03-19	1	13
1118	2025-03-19	2	12
1119	2025-03-19	3	1344
1120	2025-03-19	4	231
1121	2025-03-19	5	8
1122	2025-03-19	6	166
1123	2025-03-19	7	108
1124	2025-03-19	8	9
1125	2025-03-19	9	865
1126	2025-03-19	10	528
1127	2025-03-19	11	9
1128	2025-03-19	12	352
1129	2025-03-19	13	2
1130	2025-03-19	14	224
1131	2025-03-19	15	175
1132	2025-03-19	16	137
1133	2025-03-19	17	12
1134	2025-03-19	18	51
1135	2025-03-19	19	61
1136	2025-03-19	20	48
1137	2025-03-19	21	29
1138	2025-03-19	22	37
1139	2025-03-19	23	8
1140	2025-03-19	24	6
1141	2025-03-19	25	8
1142	2025-03-19	26	97
1143	2025-03-20	1	14
1144	2025-03-20	2	10
1145	2025-03-20	3	1345
1146	2025-03-20	4	231
1147	2025-03-20	5	4
1148	2025-03-20	6	170
1149	2025-03-20	7	108
1150	2025-03-20	8	4
1151	2025-03-20	9	865
1152	2025-03-20	10	529
1153	2025-03-20	11	7
1154	2025-03-20	12	351
1155	2025-03-20	13	2
1156	2025-03-20	14	227
1157	2025-03-20	15	174
1158	2025-03-20	16	136
1159	2025-03-20	17	16
1160	2025-03-20	18	53
1161	2025-03-20	19	59
1162	2025-03-20	20	53
1163	2025-03-20	21	27
1164	2025-03-20	22	34
1165	2025-03-20	23	10
1166	2025-03-20	24	10
1167	2025-03-20	25	11
1168	2025-03-20	26	95
1169	2025-03-21	1	16
1170	2025-03-21	2	11
1171	2025-03-21	3	1342
1172	2025-03-21	4	231
1173	2025-03-21	5	7
1174	2025-03-21	6	166
1175	2025-03-21	7	111
1176	2025-03-21	8	6
1177	2025-03-21	9	861
1178	2025-03-21	10	525
1179	2025-03-21	11	8
1180	2025-03-21	12	354
1181	2025-03-21	13	3
1182	2025-03-21	14	223
1183	2025-03-21	15	174
1184	2025-03-21	16	140
1185	2025-03-21	17	16
1186	2025-03-21	18	53
1187	2025-03-21	19	61
1188	2025-03-21	20	52
1189	2025-03-21	21	28
1190	2025-03-21	22	37
1191	2025-03-21	23	10
1192	2025-03-21	24	10
1193	2025-03-21	25	7
1194	2025-03-21	26	97
1195	2025-03-22	1	14
1196	2025-03-22	2	11
1197	2025-03-22	3	1344
1198	2025-03-22	4	232
1199	2025-03-22	5	8
1200	2025-03-22	6	166
1201	2025-03-22	7	108
1202	2025-03-22	8	8
1203	2025-03-22	9	860
1204	2025-03-22	10	530
1205	2025-03-22	11	4
1206	2025-03-22	12	354
1207	2025-03-22	13	5
1208	2025-03-22	14	224
1209	2025-03-22	15	172
1210	2025-03-22	16	139
1211	2025-03-22	17	12
1212	2025-03-22	18	52
1213	2025-03-22	19	59
1214	2025-03-22	20	49
1215	2025-03-22	21	25
1216	2025-03-22	22	35
1217	2025-03-22	23	10
1218	2025-03-22	24	8
1219	2025-03-22	25	9
1220	2025-03-22	26	99
1221	2025-03-24	1	16
1222	2025-03-24	2	11
1223	2025-03-24	3	1344
1224	2025-03-24	4	231
1225	2025-03-24	5	7
1226	2025-03-24	6	165
1227	2025-03-24	7	107
1228	2025-03-24	8	4
1229	2025-03-24	9	865
1230	2025-03-24	10	525
1231	2025-03-24	11	5
1232	2025-03-24	12	351
1233	2025-03-24	13	6
1234	2025-03-24	14	226
1235	2025-03-24	15	173
1236	2025-03-24	16	140
1237	2025-03-24	17	11
1238	2025-03-24	18	52
1239	2025-03-24	19	56
1240	2025-03-24	20	53
1241	2025-03-24	21	25
1242	2025-03-24	22	34
1243	2025-03-24	23	11
1244	2025-03-24	24	7
1245	2025-03-24	25	12
1246	2025-03-24	26	94
1247	2025-03-25	1	16
1248	2025-03-25	2	11
1249	2025-03-25	3	1344
1250	2025-03-25	4	236
1251	2025-03-25	5	8
1252	2025-03-25	6	168
1253	2025-03-25	7	107
1254	2025-03-25	8	7
1255	2025-03-25	9	860
1256	2025-03-25	10	526
1257	2025-03-25	11	4
1258	2025-03-25	12	352
1259	2025-03-25	13	4
1260	2025-03-25	14	228
1261	2025-03-25	15	171
1262	2025-03-25	16	135
1263	2025-03-25	17	12
1264	2025-03-25	18	56
1265	2025-03-25	19	59
1266	2025-03-25	20	51
1267	2025-03-25	21	24
1268	2025-03-25	22	35
1269	2025-03-25	23	7
1270	2025-03-25	24	7
1271	2025-03-25	25	11
1272	2025-03-25	26	96
1273	2025-03-26	1	11
1274	2025-03-26	2	9
1275	2025-03-26	3	1345
1276	2025-03-26	4	231
1277	2025-03-26	5	4
1278	2025-03-26	6	165
1279	2025-03-26	7	109
1280	2025-03-26	8	9
1281	2025-03-26	9	865
1282	2025-03-26	10	527
1283	2025-03-26	11	4
1284	2025-03-26	12	352
1285	2025-03-26	13	4
1286	2025-03-26	14	225
1287	2025-03-26	15	171
1288	2025-03-26	16	139
1289	2025-03-26	17	14
1290	2025-03-26	18	52
1291	2025-03-26	19	56
1292	2025-03-26	20	52
1293	2025-03-26	21	29
1294	2025-03-26	22	33
1295	2025-03-26	23	9
1296	2025-03-26	24	11
1297	2025-03-26	25	11
1298	2025-03-26	26	98
1299	2025-03-27	1	11
1300	2025-03-27	2	13
1301	2025-03-27	3	1345
1302	2025-03-27	4	231
1303	2025-03-27	5	9
1304	2025-03-27	6	167
1305	2025-03-27	7	110
1306	2025-03-27	8	7
1307	2025-03-27	9	863
1308	2025-03-27	10	528
1309	2025-03-27	11	8
1310	2025-03-27	12	350
1311	2025-03-27	13	3
1312	2025-03-27	14	223
1313	2025-03-27	15	176
1314	2025-03-27	16	138
1315	2025-03-27	17	14
1316	2025-03-27	18	51
1317	2025-03-27	19	61
1318	2025-03-27	20	53
1319	2025-03-27	21	25
1320	2025-03-27	22	35
1321	2025-03-27	23	9
1322	2025-03-27	24	11
1323	2025-03-27	25	10
1324	2025-03-27	26	94
1325	2025-03-28	1	14
1326	2025-03-28	2	10
1327	2025-03-28	3	1345
1328	2025-03-28	4	234
1329	2025-03-28	5	6
1330	2025-03-28	6	168
1331	2025-03-28	7	109
1332	2025-03-28	8	4
1333	2025-03-28	9	863
1334	2025-03-28	10	528
1335	2025-03-28	11	8
1336	2025-03-28	12	355
1337	2025-03-28	13	4
1338	2025-03-28	14	226
1339	2025-03-28	15	173
1340	2025-03-28	16	137
1341	2025-03-28	17	15
1342	2025-03-28	18	51
1343	2025-03-28	19	57
1344	2025-03-28	20	51
1345	2025-03-28	21	29
1346	2025-03-28	22	33
1347	2025-03-28	23	11
1348	2025-03-28	24	7
1349	2025-03-28	25	10
1350	2025-03-28	26	99
1351	2025-03-29	1	12
1352	2025-03-29	2	11
1353	2025-03-29	3	1345
1354	2025-03-29	4	233
1355	2025-03-29	5	8
1356	2025-03-29	6	169
1357	2025-03-29	7	108
1358	2025-03-29	8	4
1359	2025-03-29	9	863
1360	2025-03-29	10	527
1361	2025-03-29	11	4
1362	2025-03-29	12	351
1363	2025-03-29	13	5
1364	2025-03-29	14	227
1365	2025-03-29	15	171
1366	2025-03-29	16	135
1367	2025-03-29	17	13
1368	2025-03-29	18	55
1369	2025-03-29	19	56
1370	2025-03-29	20	51
1371	2025-03-29	21	27
1372	2025-03-29	22	33
1373	2025-03-29	23	7
1374	2025-03-29	24	11
1375	2025-03-29	25	11
1376	2025-03-29	26	97
1377	2025-03-31	1	14
1378	2025-03-31	2	9
1379	2025-03-31	3	1341
1380	2025-03-31	4	236
1381	2025-03-31	5	8
1382	2025-03-31	6	165
1383	2025-03-31	7	108
1384	2025-03-31	8	7
1385	2025-03-31	9	864
1386	2025-03-31	10	528
1387	2025-03-31	11	7
1388	2025-03-31	12	352
1389	2025-03-31	13	3
1390	2025-03-31	14	223
1391	2025-03-31	15	171
1392	2025-03-31	16	138
1393	2025-03-31	17	15
1394	2025-03-31	18	52
1395	2025-03-31	19	60
1396	2025-03-31	20	48
1397	2025-03-31	21	26
1398	2025-03-31	22	37
1399	2025-03-31	23	9
1400	2025-03-31	24	11
1401	2025-03-31	25	10
1402	2025-03-31	26	99
1403	2025-04-01	1	11
1404	2025-04-01	2	9
1405	2025-04-01	3	1824
1406	2025-04-01	4	234
1407	2025-04-01	5	7
1408	2025-04-01	6	176
1409	2025-04-01	7	142
1410	2025-04-01	8	8
1411	2025-04-01	9	813
1412	2025-04-01	10	538
1413	2025-04-01	11	5
1414	2025-04-01	12	457
1415	2025-04-01	13	8
1416	2025-04-01	14	314
1417	2025-04-01	15	157
1418	2025-04-01	16	100
1419	2025-04-01	17	12
1420	2025-04-01	18	54
1421	2025-04-01	19	52
1422	2025-04-01	20	39
1423	2025-04-01	21	53
1424	2025-04-01	22	33
1425	2025-04-01	23	9
1426	2025-04-01	24	8
1427	2025-04-01	25	5
1428	2025-04-01	26	88
1429	2025-04-02	1	12
1430	2025-04-02	2	5
1431	2025-04-02	3	1827
1432	2025-04-02	4	233
1433	2025-04-02	5	7
1434	2025-04-02	6	180
1435	2025-04-02	7	142
1436	2025-04-02	8	9
1437	2025-04-02	9	813
1438	2025-04-02	10	536
1439	2025-04-02	11	3
1440	2025-04-02	12	453
1441	2025-04-02	13	6
1442	2025-04-02	14	312
1443	2025-04-02	15	161
1444	2025-04-02	16	100
1445	2025-04-02	17	12
1446	2025-04-02	18	55
1447	2025-04-02	19	49
1448	2025-04-02	20	36
1449	2025-04-02	21	56
1450	2025-04-02	22	30
1451	2025-04-02	23	11
1452	2025-04-02	24	9
1453	2025-04-02	25	5
1454	2025-04-02	26	88
1455	2025-04-03	1	12
1456	2025-04-03	2	7
1457	2025-04-03	3	1824
1458	2025-04-03	4	232
1459	2025-04-03	5	10
1460	2025-04-03	6	179
1461	2025-04-03	7	142
1462	2025-04-03	8	6
1463	2025-04-03	9	810
1464	2025-04-03	10	540
1465	2025-04-03	11	6
1466	2025-04-03	12	454
1467	2025-04-03	13	3
1468	2025-04-03	14	311
1469	2025-04-03	15	160
1470	2025-04-03	16	101
1471	2025-04-03	17	10
1472	2025-04-03	18	59
1473	2025-04-03	19	51
1474	2025-04-03	20	39
1475	2025-04-03	21	56
1476	2025-04-03	22	29
1477	2025-04-03	23	13
1478	2025-04-03	24	8
1479	2025-04-03	25	9
1480	2025-04-03	26	89
1481	2025-04-04	1	11
1482	2025-04-04	2	6
1483	2025-04-04	3	1823
1484	2025-04-04	4	232
1485	2025-04-04	5	7
1486	2025-04-04	6	178
1487	2025-04-04	7	140
1488	2025-04-04	8	6
1489	2025-04-04	9	812
1490	2025-04-04	10	540
1491	2025-04-04	11	5
1492	2025-04-04	12	454
1493	2025-04-04	13	3
1494	2025-04-04	14	310
1495	2025-04-04	15	158
1496	2025-04-04	16	99
1497	2025-04-04	17	9
1498	2025-04-04	18	56
1499	2025-04-04	19	48
1500	2025-04-04	20	38
1501	2025-04-04	21	51
1502	2025-04-04	22	31
1503	2025-04-04	23	12
1504	2025-04-04	24	10
1505	2025-04-04	25	8
1506	2025-04-04	26	92
1507	2025-04-05	1	10
1508	2025-04-05	2	5
1509	2025-04-05	3	1826
1510	2025-04-05	4	236
1511	2025-04-05	5	9
1512	2025-04-05	6	177
1513	2025-04-05	7	137
1514	2025-04-05	8	5
1515	2025-04-05	9	813
1516	2025-04-05	10	541
1517	2025-04-05	11	4
1518	2025-04-05	12	456
1519	2025-04-05	13	7
1520	2025-04-05	14	313
1521	2025-04-05	15	161
1522	2025-04-05	16	97
1523	2025-04-05	17	12
1524	2025-04-05	18	57
1525	2025-04-05	19	53
1526	2025-04-05	20	39
1527	2025-04-05	21	54
1528	2025-04-05	22	32
1529	2025-04-05	23	12
1530	2025-04-05	24	6
1531	2025-04-05	25	7
1532	2025-04-05	26	89
1533	2025-04-07	1	12
1534	2025-04-07	2	5
1535	2025-04-07	3	1827
1536	2025-04-07	4	234
1537	2025-04-07	5	9
1538	2025-04-07	6	175
1539	2025-04-07	7	140
1540	2025-04-07	8	6
1541	2025-04-07	9	810
1542	2025-04-07	10	536
1543	2025-04-07	11	5
1544	2025-04-07	12	457
1545	2025-04-07	13	7
1546	2025-04-07	14	315
1547	2025-04-07	15	160
1548	2025-04-07	16	100
1549	2025-04-07	17	10
1550	2025-04-07	18	59
1551	2025-04-07	19	49
1552	2025-04-07	20	36
1553	2025-04-07	21	53
1554	2025-04-07	22	28
1555	2025-04-07	23	12
1556	2025-04-07	24	10
1557	2025-04-07	25	4
1558	2025-04-07	26	88
1559	2025-04-08	1	11
1560	2025-04-08	2	5
1561	2025-04-08	3	1825
1562	2025-04-08	4	234
1563	2025-04-08	5	5
1564	2025-04-08	6	177
1565	2025-04-08	7	141
1566	2025-04-08	8	8
1567	2025-04-08	9	815
1568	2025-04-08	10	541
1569	2025-04-08	11	6
1570	2025-04-08	12	456
1571	2025-04-08	13	6
1572	2025-04-08	14	310
1573	2025-04-08	15	159
1574	2025-04-08	16	101
1575	2025-04-08	17	9
1576	2025-04-08	18	59
1577	2025-04-08	19	52
1578	2025-04-08	20	36
1579	2025-04-08	21	55
1580	2025-04-08	22	31
1581	2025-04-08	23	9
1582	2025-04-08	24	8
1583	2025-04-08	25	4
1584	2025-04-08	26	92
1585	2025-04-09	1	14
1586	2025-04-09	2	8
1587	2025-04-09	3	1825
1588	2025-04-09	4	234
1589	2025-04-09	5	10
1590	2025-04-09	6	177
1591	2025-04-09	7	137
1592	2025-04-09	8	7
1593	2025-04-09	9	810
1594	2025-04-09	10	536
1595	2025-04-09	11	6
1596	2025-04-09	12	455
1597	2025-04-09	13	4
1598	2025-04-09	14	314
1599	2025-04-09	15	158
1600	2025-04-09	16	99
1601	2025-04-09	17	9
1602	2025-04-09	18	54
1603	2025-04-09	19	51
1604	2025-04-09	20	39
1605	2025-04-09	21	54
1606	2025-04-09	22	28
1607	2025-04-09	23	13
1608	2025-04-09	24	7
1609	2025-04-09	25	8
1610	2025-04-09	26	90
1611	2025-04-10	1	15
1612	2025-04-10	2	7
1613	2025-04-10	3	1826
1614	2025-04-10	4	236
1615	2025-04-10	5	10
1616	2025-04-10	6	176
1617	2025-04-10	7	142
1618	2025-04-10	8	4
1619	2025-04-10	9	811
1620	2025-04-10	10	541
1621	2025-04-10	11	4
1622	2025-04-10	12	456
1623	2025-04-10	13	7
1624	2025-04-10	14	315
1625	2025-04-10	15	160
1626	2025-04-10	16	98
1627	2025-04-10	17	13
1628	2025-04-10	18	59
1629	2025-04-10	19	53
1630	2025-04-10	20	40
1631	2025-04-10	21	53
1632	2025-04-10	22	29
1633	2025-04-10	23	13
1634	2025-04-10	24	6
1635	2025-04-10	25	8
1636	2025-04-10	26	89
1637	2025-04-11	1	13
1638	2025-04-11	2	10
1639	2025-04-11	3	1825
1640	2025-04-11	4	233
1641	2025-04-11	5	10
1642	2025-04-11	6	178
1643	2025-04-11	7	142
1644	2025-04-11	8	7
1645	2025-04-11	9	814
1646	2025-04-11	10	538
1647	2025-04-11	11	6
1648	2025-04-11	12	452
1649	2025-04-11	13	6
1650	2025-04-11	14	312
1651	2025-04-11	15	162
1652	2025-04-11	16	96
1653	2025-04-11	17	14
1654	2025-04-11	18	59
1655	2025-04-11	19	51
1656	2025-04-11	20	40
1657	2025-04-11	21	51
1658	2025-04-11	22	33
1659	2025-04-11	23	9
1660	2025-04-11	24	7
1661	2025-04-11	25	6
1662	2025-04-11	26	93
1663	2025-04-12	1	12
1664	2025-04-12	2	10
1665	2025-04-12	3	1827
1666	2025-04-12	4	233
1667	2025-04-12	5	5
1668	2025-04-12	6	179
1669	2025-04-12	7	142
1670	2025-04-12	8	6
1671	2025-04-12	9	814
1672	2025-04-12	10	539
1673	2025-04-12	11	5
1674	2025-04-12	12	452
1675	2025-04-12	13	6
1676	2025-04-12	14	313
1677	2025-04-12	15	162
1678	2025-04-12	16	98
1679	2025-04-12	17	10
1680	2025-04-12	18	54
1681	2025-04-12	19	50
1682	2025-04-12	20	38
1683	2025-04-12	21	53
1684	2025-04-12	22	31
1685	2025-04-12	23	12
1686	2025-04-12	24	7
1687	2025-04-12	25	8
1688	2025-04-12	26	91
1689	2025-04-14	1	10
1690	2025-04-14	2	8
1691	2025-04-14	3	1824
1692	2025-04-14	4	233
1693	2025-04-14	5	10
1694	2025-04-14	6	177
1695	2025-04-14	7	140
1696	2025-04-14	8	9
1697	2025-04-14	9	811
1698	2025-04-14	10	538
1699	2025-04-14	11	6
1700	2025-04-14	12	454
1701	2025-04-14	13	7
1702	2025-04-14	14	315
1703	2025-04-14	15	162
1704	2025-04-14	16	100
1705	2025-04-14	17	9
1706	2025-04-14	18	54
1707	2025-04-14	19	50
1708	2025-04-14	20	36
1709	2025-04-14	21	55
1710	2025-04-14	22	29
1711	2025-04-14	23	9
1712	2025-04-14	24	5
1713	2025-04-14	25	7
1714	2025-04-14	26	90
1715	2025-04-15	1	13
1716	2025-04-15	2	8
1717	2025-04-15	3	1827
1718	2025-04-15	4	234
1719	2025-04-15	5	6
1720	2025-04-15	6	175
1721	2025-04-15	7	138
1722	2025-04-15	8	8
1723	2025-04-15	9	815
1724	2025-04-15	10	536
1725	2025-04-15	11	7
1726	2025-04-15	12	457
1727	2025-04-15	13	8
1728	2025-04-15	14	313
1729	2025-04-15	15	157
1730	2025-04-15	16	100
1731	2025-04-15	17	12
1732	2025-04-15	18	59
1733	2025-04-15	19	49
1734	2025-04-15	20	35
1735	2025-04-15	21	55
1736	2025-04-15	22	31
1737	2025-04-15	23	9
1738	2025-04-15	24	8
1739	2025-04-15	25	8
1740	2025-04-15	26	90
1741	2025-04-16	1	15
1742	2025-04-16	2	7
1743	2025-04-16	3	1826
1744	2025-04-16	4	235
1745	2025-04-16	5	9
1746	2025-04-16	6	180
1747	2025-04-16	7	141
1748	2025-04-16	8	6
1749	2025-04-16	9	814
1750	2025-04-16	10	538
1751	2025-04-16	11	3
1752	2025-04-16	12	455
1753	2025-04-16	13	5
1754	2025-04-16	14	313
1755	2025-04-16	15	161
1756	2025-04-16	16	99
1757	2025-04-16	17	12
1758	2025-04-16	18	56
1759	2025-04-16	19	52
1760	2025-04-16	20	38
1761	2025-04-16	21	56
1762	2025-04-16	22	29
1763	2025-04-16	23	11
1764	2025-04-16	24	10
1765	2025-04-16	25	5
1766	2025-04-16	26	88
1767	2025-04-17	1	12
1768	2025-04-17	2	8
1769	2025-04-17	3	1828
1770	2025-04-17	4	231
1771	2025-04-17	5	10
1772	2025-04-17	6	177
1773	2025-04-17	7	137
1774	2025-04-17	8	4
1775	2025-04-17	9	812
1776	2025-04-17	10	538
1777	2025-04-17	11	6
1778	2025-04-17	12	457
1779	2025-04-17	13	6
1780	2025-04-17	14	313
1781	2025-04-17	15	162
1782	2025-04-17	16	96
1783	2025-04-17	17	13
1784	2025-04-17	18	56
1785	2025-04-17	19	53
1786	2025-04-17	20	36
1787	2025-04-17	21	55
1788	2025-04-17	22	29
1789	2025-04-17	23	11
1790	2025-04-17	24	10
1791	2025-04-17	25	4
1792	2025-04-17	26	93
1793	2025-04-18	1	15
1794	2025-04-18	2	8
1795	2025-04-18	3	1824
1796	2025-04-18	4	231
1797	2025-04-18	5	8
1798	2025-04-18	6	175
1799	2025-04-18	7	142
1800	2025-04-18	8	4
1801	2025-04-18	9	812
1802	2025-04-18	10	536
1803	2025-04-18	11	7
1804	2025-04-18	12	453
1805	2025-04-18	13	6
1806	2025-04-18	14	315
1807	2025-04-18	15	160
1808	2025-04-18	16	96
1809	2025-04-18	17	13
1810	2025-04-18	18	57
1811	2025-04-18	19	48
1812	2025-04-18	20	36
1813	2025-04-18	21	54
1814	2025-04-18	22	32
1815	2025-04-18	23	8
1816	2025-04-18	24	6
1817	2025-04-18	25	9
1818	2025-04-18	26	89
1819	2025-04-19	1	15
1820	2025-04-19	2	9
1821	2025-04-19	3	1824
1822	2025-04-19	4	233
1823	2025-04-19	5	10
1824	2025-04-19	6	175
1825	2025-04-19	7	141
1826	2025-04-19	8	8
1827	2025-04-19	9	815
1828	2025-04-19	10	536
1829	2025-04-19	11	5
1830	2025-04-19	12	457
1831	2025-04-19	13	3
1832	2025-04-19	14	313
1833	2025-04-19	15	160
1834	2025-04-19	16	99
1835	2025-04-19	17	14
1836	2025-04-19	18	56
1837	2025-04-19	19	53
1838	2025-04-19	20	40
1839	2025-04-19	21	53
1840	2025-04-19	22	32
1841	2025-04-19	23	12
1842	2025-04-19	24	9
1843	2025-04-19	25	6
1844	2025-04-19	26	91
1845	2025-04-21	1	11
1846	2025-04-21	2	7
1847	2025-04-21	3	1826
1848	2025-04-21	4	236
1849	2025-04-21	5	5
1850	2025-04-21	6	179
1851	2025-04-21	7	140
1852	2025-04-21	8	8
1853	2025-04-21	9	814
1854	2025-04-21	10	536
1855	2025-04-21	11	7
1856	2025-04-21	12	457
1857	2025-04-21	13	7
1858	2025-04-21	14	313
1859	2025-04-21	15	161
1860	2025-04-21	16	98
1861	2025-04-21	17	10
1862	2025-04-21	18	57
1863	2025-04-21	19	48
1864	2025-04-21	20	39
1865	2025-04-21	21	52
1866	2025-04-21	22	31
1867	2025-04-21	23	8
1868	2025-04-21	24	9
1869	2025-04-21	25	6
1870	2025-04-21	26	88
1871	2025-04-22	1	12
1872	2025-04-22	2	6
1873	2025-04-22	3	1826
1874	2025-04-22	4	232
1875	2025-04-22	5	7
1876	2025-04-22	6	179
1877	2025-04-22	7	141
1878	2025-04-22	8	7
1879	2025-04-22	9	814
1880	2025-04-22	10	541
1881	2025-04-22	11	8
1882	2025-04-22	12	457
1883	2025-04-22	13	8
1884	2025-04-22	14	311
1885	2025-04-22	15	158
1886	2025-04-22	16	98
1887	2025-04-22	17	11
1888	2025-04-22	18	55
1889	2025-04-22	19	51
1890	2025-04-22	20	37
1891	2025-04-22	21	53
1892	2025-04-22	22	29
1893	2025-04-22	23	12
1894	2025-04-22	24	9
1895	2025-04-22	25	8
1896	2025-04-22	26	89
1897	2025-04-23	1	10
1898	2025-04-23	2	10
1899	2025-04-23	3	1824
1900	2025-04-23	4	234
1901	2025-04-23	5	10
1902	2025-04-23	6	175
1903	2025-04-23	7	140
1904	2025-04-23	8	9
1905	2025-04-23	9	812
1906	2025-04-23	10	540
1907	2025-04-23	11	4
1908	2025-04-23	12	455
1909	2025-04-23	13	6
1910	2025-04-23	14	315
1911	2025-04-23	15	158
1912	2025-04-23	16	96
1913	2025-04-23	17	10
1914	2025-04-23	18	54
1915	2025-04-23	19	50
1916	2025-04-23	20	38
1917	2025-04-23	21	55
1918	2025-04-23	22	29
1919	2025-04-23	23	9
1920	2025-04-23	24	6
1921	2025-04-23	25	5
1922	2025-04-23	26	91
1923	2025-04-24	1	13
1924	2025-04-24	2	9
1925	2025-04-24	3	1826
1926	2025-04-24	4	236
1927	2025-04-24	5	10
1928	2025-04-24	6	177
1929	2025-04-24	7	140
1930	2025-04-24	8	7
1931	2025-04-24	9	811
1932	2025-04-24	10	536
1933	2025-04-24	11	7
1934	2025-04-24	12	455
1935	2025-04-24	13	6
1936	2025-04-24	14	310
1937	2025-04-24	15	157
1938	2025-04-24	16	97
1939	2025-04-24	17	10
1940	2025-04-24	18	55
1941	2025-04-24	19	53
1942	2025-04-24	20	36
1943	2025-04-24	21	55
1944	2025-04-24	22	30
1945	2025-04-24	23	11
1946	2025-04-24	24	8
1947	2025-04-24	25	8
1948	2025-04-24	26	93
1949	2025-04-25	1	15
1950	2025-04-25	2	8
1951	2025-04-25	3	1824
1952	2025-04-25	4	232
1953	2025-04-25	5	9
1954	2025-04-25	6	177
1955	2025-04-25	7	139
1956	2025-04-25	8	7
1957	2025-04-25	9	811
1958	2025-04-25	10	540
1959	2025-04-25	11	8
1960	2025-04-25	12	454
1961	2025-04-25	13	3
1962	2025-04-25	14	314
1963	2025-04-25	15	157
1964	2025-04-25	16	96
1965	2025-04-25	17	12
1966	2025-04-25	18	56
1967	2025-04-25	19	50
1968	2025-04-25	20	37
1969	2025-04-25	21	52
1970	2025-04-25	22	30
1971	2025-04-25	23	13
1972	2025-04-25	24	5
1973	2025-04-25	25	7
1974	2025-04-25	26	93
1975	2025-04-26	1	11
1976	2025-04-26	2	8
1977	2025-04-26	3	1825
1978	2025-04-26	4	235
1979	2025-04-26	5	9
1980	2025-04-26	6	180
1981	2025-04-26	7	137
1982	2025-04-26	8	7
1983	2025-04-26	9	813
1984	2025-04-26	10	538
1985	2025-04-26	11	8
1986	2025-04-26	12	452
1987	2025-04-26	13	7
1988	2025-04-26	14	312
1989	2025-04-26	15	157
1990	2025-04-26	16	97
1991	2025-04-26	17	9
1992	2025-04-26	18	57
1993	2025-04-26	19	52
1994	2025-04-26	20	39
1995	2025-04-26	21	53
1996	2025-04-26	22	30
1997	2025-04-26	23	9
1998	2025-04-26	24	6
1999	2025-04-26	25	7
2000	2025-04-26	26	88
2001	2025-04-28	1	14
2002	2025-04-28	2	9
2003	2025-04-28	3	1828
2004	2025-04-28	4	232
2005	2025-04-28	5	9
2006	2025-04-28	6	178
2007	2025-04-28	7	142
2008	2025-04-28	8	6
2009	2025-04-28	9	813
2010	2025-04-28	10	539
2011	2025-04-28	11	7
2012	2025-04-28	12	454
2013	2025-04-28	13	6
2014	2025-04-28	14	312
2015	2025-04-28	15	157
2016	2025-04-28	16	101
2017	2025-04-28	17	10
2018	2025-04-28	18	58
2019	2025-04-28	19	51
2020	2025-04-28	20	39
2021	2025-04-28	21	54
2022	2025-04-28	22	28
2023	2025-04-28	23	8
2024	2025-04-28	24	9
2025	2025-04-28	25	4
2026	2025-04-28	26	92
2027	2025-04-29	1	10
2028	2025-04-29	2	8
2029	2025-04-29	3	1828
2030	2025-04-29	4	231
2031	2025-04-29	5	10
2032	2025-04-29	6	178
2033	2025-04-29	7	139
2034	2025-04-29	8	6
2035	2025-04-29	9	814
2036	2025-04-29	10	539
2037	2025-04-29	11	6
2038	2025-04-29	12	453
2039	2025-04-29	13	8
2040	2025-04-29	14	315
2041	2025-04-29	15	158
2042	2025-04-29	16	101
2043	2025-04-29	17	13
2044	2025-04-29	18	57
2045	2025-04-29	19	53
2046	2025-04-29	20	39
2047	2025-04-29	21	53
2048	2025-04-29	22	28
2049	2025-04-29	23	8
2050	2025-04-29	24	5
2051	2025-04-29	25	8
2052	2025-04-29	26	91
2053	2025-04-30	1	11
2054	2025-04-30	2	8
2055	2025-04-30	3	1824
2056	2025-04-30	4	236
2057	2025-04-30	5	8
2058	2025-04-30	6	176
2059	2025-04-30	7	137
2060	2025-04-30	8	7
2061	2025-04-30	9	815
2062	2025-04-30	10	540
2063	2025-04-30	11	4
2064	2025-04-30	12	452
2065	2025-04-30	13	7
2066	2025-04-30	14	311
2067	2025-04-30	15	162
2068	2025-04-30	16	96
2069	2025-04-30	17	12
2070	2025-04-30	18	59
2071	2025-04-30	19	51
2072	2025-04-30	20	40
2073	2025-04-30	21	56
2074	2025-04-30	22	32
2075	2025-04-30	23	12
2076	2025-04-30	24	9
2077	2025-04-30	25	4
2078	2025-04-30	26	90
2079	2025-05-01	1	14
2080	2025-05-01	2	8
2081	2025-05-01	3	1680
2082	2025-05-01	4	231
2083	2025-05-01	5	10
2084	2025-05-01	6	170
2085	2025-05-01	7	156
2086	2025-05-01	8	5
2087	2025-05-01	9	885
2088	2025-05-01	10	568
2089	2025-05-01	11	3
2090	2025-05-01	12	635
2091	2025-05-01	13	3
2092	2025-05-01	14	285
2093	2025-05-01	15	159
2094	2025-05-01	16	146
2095	2025-05-01	17	13
2096	2025-05-01	18	49
2097	2025-05-01	19	42
2098	2025-05-01	20	52
2099	2025-05-01	21	27
2100	2025-05-01	22	29
2101	2025-05-01	23	15
2102	2025-05-01	24	8
2103	2025-05-01	25	8
2104	2025-05-01	26	67
2105	2025-05-02	1	15
2106	2025-05-02	2	11
2107	2025-05-02	3	1680
2108	2025-05-02	4	228
2109	2025-05-02	5	9
2110	2025-05-02	6	170
2111	2025-05-02	7	158
2112	2025-05-02	8	5
2113	2025-05-02	9	882
2114	2025-05-02	10	571
2115	2025-05-02	11	7
2116	2025-05-02	12	632
2117	2025-05-02	13	6
2118	2025-05-02	14	284
2119	2025-05-02	15	155
2120	2025-05-02	16	145
2121	2025-05-02	17	12
2122	2025-05-02	18	47
2123	2025-05-02	19	43
2124	2025-05-02	20	48
2125	2025-05-02	21	28
2126	2025-05-02	22	27
2127	2025-05-02	23	15
2128	2025-05-02	24	7
2129	2025-05-02	25	4
2130	2025-05-02	26	66
2131	2025-05-03	1	13
2132	2025-05-03	2	9
2133	2025-05-03	3	1684
2134	2025-05-03	4	232
2135	2025-05-03	5	6
2136	2025-05-03	6	169
2137	2025-05-03	7	158
2138	2025-05-03	8	5
2139	2025-05-03	9	882
2140	2025-05-03	10	571
2141	2025-05-03	11	8
2142	2025-05-03	12	633
2143	2025-05-03	13	6
2144	2025-05-03	14	285
2145	2025-05-03	15	156
2146	2025-05-03	16	147
2147	2025-05-03	17	11
2148	2025-05-03	18	45
2149	2025-05-03	19	41
2150	2025-05-03	20	53
2151	2025-05-03	21	26
2152	2025-05-03	22	27
2153	2025-05-03	23	12
2154	2025-05-03	24	6
2155	2025-05-03	25	8
2156	2025-05-03	26	68
2157	2025-05-05	1	16
2158	2025-05-05	2	9
2159	2025-05-05	3	1680
2160	2025-05-05	4	230
2161	2025-05-05	5	8
2162	2025-05-05	6	168
2163	2025-05-05	7	153
2164	2025-05-05	8	6
2165	2025-05-05	9	886
2166	2025-05-05	10	567
2167	2025-05-05	11	5
2168	2025-05-05	12	632
2169	2025-05-05	13	5
2170	2025-05-05	14	287
2171	2025-05-05	15	154
2172	2025-05-05	16	146
2173	2025-05-05	17	13
2174	2025-05-05	18	46
2175	2025-05-05	19	45
2176	2025-05-05	20	53
2177	2025-05-05	21	26
2178	2025-05-05	22	29
2179	2025-05-05	23	12
2180	2025-05-05	24	5
2181	2025-05-05	25	7
2182	2025-05-05	26	65
2183	2025-05-06	1	12
2184	2025-05-06	2	12
2185	2025-05-06	3	1682
2186	2025-05-06	4	230
2187	2025-05-06	5	6
2188	2025-05-06	6	169
2189	2025-05-06	7	155
2190	2025-05-06	8	4
2191	2025-05-06	9	883
2192	2025-05-06	10	567
2193	2025-05-06	11	7
2194	2025-05-06	12	636
2195	2025-05-06	13	3
2196	2025-05-06	14	283
2197	2025-05-06	15	157
2198	2025-05-06	16	147
2199	2025-05-06	17	11
2200	2025-05-06	18	45
2201	2025-05-06	19	44
2202	2025-05-06	20	50
2203	2025-05-06	21	28
2204	2025-05-06	22	26
2205	2025-05-06	23	13
2206	2025-05-06	24	10
2207	2025-05-06	25	6
2208	2025-05-06	26	67
2209	2025-05-07	1	17
2210	2025-05-07	2	10
2211	2025-05-07	3	1683
2212	2025-05-07	4	228
2213	2025-05-07	5	8
2214	2025-05-07	6	171
2215	2025-05-07	7	155
2216	2025-05-07	8	8
2217	2025-05-07	9	883
2218	2025-05-07	10	571
2219	2025-05-07	11	6
2220	2025-05-07	12	633
2221	2025-05-07	13	8
2222	2025-05-07	14	288
2223	2025-05-07	15	156
2224	2025-05-07	16	145
2225	2025-05-07	17	15
2226	2025-05-07	18	47
2227	2025-05-07	19	43
2228	2025-05-07	20	51
2229	2025-05-07	21	26
2230	2025-05-07	22	30
2231	2025-05-07	23	14
2232	2025-05-07	24	6
2233	2025-05-07	25	4
2234	2025-05-07	26	70
2235	2025-05-08	1	13
2236	2025-05-08	2	9
2237	2025-05-08	3	1683
2238	2025-05-08	4	228
2239	2025-05-08	5	9
2240	2025-05-08	6	166
2241	2025-05-08	7	158
2242	2025-05-08	8	7
2243	2025-05-08	9	882
2244	2025-05-08	10	572
2245	2025-05-08	11	8
2246	2025-05-08	12	636
2247	2025-05-08	13	7
2248	2025-05-08	14	284
2249	2025-05-08	15	158
2250	2025-05-08	16	146
2251	2025-05-08	17	16
2252	2025-05-08	18	46
2253	2025-05-08	19	41
2254	2025-05-08	20	53
2255	2025-05-08	21	27
2256	2025-05-08	22	31
2257	2025-05-08	23	17
2258	2025-05-08	24	7
2259	2025-05-08	25	8
2260	2025-05-08	26	65
2261	2025-05-09	1	14
2262	2025-05-09	2	10
2263	2025-05-09	3	1682
2264	2025-05-09	4	232
2265	2025-05-09	5	9
2266	2025-05-09	6	168
2267	2025-05-09	7	158
2268	2025-05-09	8	4
2269	2025-05-09	9	884
2270	2025-05-09	10	568
2271	2025-05-09	11	7
2272	2025-05-09	12	634
2273	2025-05-09	13	8
2274	2025-05-09	14	284
2275	2025-05-09	15	154
2276	2025-05-09	16	149
2277	2025-05-09	17	14
2278	2025-05-09	18	46
2279	2025-05-09	19	41
2280	2025-05-09	20	53
2281	2025-05-09	21	27
2282	2025-05-09	22	29
2283	2025-05-09	23	13
2284	2025-05-09	24	8
2285	2025-05-09	25	4
2286	2025-05-09	26	70
2287	2025-05-10	1	13
2288	2025-05-10	2	11
2289	2025-05-10	3	1684
2290	2025-05-10	4	232
2291	2025-05-10	5	8
2292	2025-05-10	6	167
2293	2025-05-10	7	154
2294	2025-05-10	8	3
2295	2025-05-10	9	886
2296	2025-05-10	10	568
2297	2025-05-10	11	8
2298	2025-05-10	12	632
2299	2025-05-10	13	4
2300	2025-05-10	14	288
2301	2025-05-10	15	156
2302	2025-05-10	16	147
2303	2025-05-10	17	12
2304	2025-05-10	18	49
2305	2025-05-10	19	46
2306	2025-05-10	20	48
2307	2025-05-10	21	27
2308	2025-05-10	22	27
2309	2025-05-10	23	12
2310	2025-05-10	24	7
2311	2025-05-10	25	4
2312	2025-05-10	26	69
2313	2025-05-12	1	17
2314	2025-05-12	2	12
2315	2025-05-12	3	1683
2316	2025-05-12	4	231
2317	2025-05-12	5	7
2318	2025-05-12	6	166
2319	2025-05-12	7	155
2320	2025-05-12	8	4
2321	2025-05-12	9	883
2322	2025-05-12	10	568
2323	2025-05-12	11	3
2324	2025-05-12	12	634
2325	2025-05-12	13	6
2326	2025-05-12	14	284
2327	2025-05-12	15	157
2328	2025-05-12	16	144
2329	2025-05-12	17	16
2330	2025-05-12	18	49
2331	2025-05-12	19	42
2332	2025-05-12	20	53
2333	2025-05-12	21	24
2334	2025-05-12	22	27
2335	2025-05-12	23	16
2336	2025-05-12	24	10
2337	2025-05-12	25	5
2338	2025-05-12	26	67
2339	2025-05-13	1	17
2340	2025-05-13	2	12
2341	2025-05-13	3	1680
2342	2025-05-13	4	229
2343	2025-05-13	5	6
2344	2025-05-13	6	169
2345	2025-05-13	7	155
2346	2025-05-13	8	8
2347	2025-05-13	9	887
2348	2025-05-13	10	571
2349	2025-05-13	11	8
2350	2025-05-13	12	632
2351	2025-05-13	13	3
2352	2025-05-13	14	283
2353	2025-05-13	15	155
2354	2025-05-13	16	146
2355	2025-05-13	17	12
2356	2025-05-13	18	50
2357	2025-05-13	19	44
2358	2025-05-13	20	51
2359	2025-05-13	21	29
2360	2025-05-13	22	29
2361	2025-05-13	23	12
2362	2025-05-13	24	8
2363	2025-05-13	25	5
2364	2025-05-13	26	69
2365	2025-05-14	1	13
2366	2025-05-14	2	8
2367	2025-05-14	3	1684
2368	2025-05-14	4	231
2369	2025-05-14	5	10
2370	2025-05-14	6	166
2371	2025-05-14	7	155
2372	2025-05-14	8	8
2373	2025-05-14	9	887
2374	2025-05-14	10	571
2375	2025-05-14	11	5
2376	2025-05-14	12	631
2377	2025-05-14	13	5
2378	2025-05-14	14	284
2379	2025-05-14	15	158
2380	2025-05-14	16	148
2381	2025-05-14	17	16
2382	2025-05-14	18	48
2383	2025-05-14	19	45
2384	2025-05-14	20	53
2385	2025-05-14	21	29
2386	2025-05-14	22	26
2387	2025-05-14	23	14
2388	2025-05-14	24	5
2389	2025-05-14	25	9
2390	2025-05-14	26	65
2391	2025-05-15	1	16
2392	2025-05-15	2	8
2393	2025-05-15	3	1685
2394	2025-05-15	4	232
2395	2025-05-15	5	6
2396	2025-05-15	6	169
2397	2025-05-15	7	156
2398	2025-05-15	8	3
2399	2025-05-15	9	884
2400	2025-05-15	10	573
2401	2025-05-15	11	6
2402	2025-05-15	12	632
2403	2025-05-15	13	7
2404	2025-05-15	14	284
2405	2025-05-15	15	158
2406	2025-05-15	16	145
2407	2025-05-15	17	15
2408	2025-05-15	18	50
2409	2025-05-15	19	43
2410	2025-05-15	20	52
2411	2025-05-15	21	25
2412	2025-05-15	22	27
2413	2025-05-15	23	16
2414	2025-05-15	24	6
2415	2025-05-15	25	6
2416	2025-05-15	26	70
2417	2025-05-16	1	17
2418	2025-05-16	2	11
2419	2025-05-16	3	1683
2420	2025-05-16	4	231
2421	2025-05-16	5	5
2422	2025-05-16	6	166
2423	2025-05-16	7	155
2424	2025-05-16	8	3
2425	2025-05-16	9	886
2426	2025-05-16	10	571
2427	2025-05-16	11	7
2428	2025-05-16	12	631
2429	2025-05-16	13	6
2430	2025-05-16	14	287
2431	2025-05-16	15	158
2432	2025-05-16	16	144
2433	2025-05-16	17	11
2434	2025-05-16	18	45
2435	2025-05-16	19	44
2436	2025-05-16	20	53
2437	2025-05-16	21	24
2438	2025-05-16	22	27
2439	2025-05-16	23	12
2440	2025-05-16	24	5
2441	2025-05-16	25	9
2442	2025-05-16	26	70
2443	2025-05-17	1	13
2444	2025-05-17	2	11
2445	2025-05-17	3	1684
2446	2025-05-17	4	231
2447	2025-05-17	5	5
2448	2025-05-17	6	171
2449	2025-05-17	7	156
2450	2025-05-17	8	3
2451	2025-05-17	9	884
2452	2025-05-17	10	568
2453	2025-05-17	11	6
2454	2025-05-17	12	635
2455	2025-05-17	13	8
2456	2025-05-17	14	283
2457	2025-05-17	15	154
2458	2025-05-17	16	149
2459	2025-05-17	17	14
2460	2025-05-17	18	49
2461	2025-05-17	19	41
2462	2025-05-17	20	49
2463	2025-05-17	21	26
2464	2025-05-17	22	30
2465	2025-05-17	23	17
2466	2025-05-17	24	9
2467	2025-05-17	25	5
2468	2025-05-17	26	70
2469	2025-05-19	1	12
2470	2025-05-19	2	9
2471	2025-05-19	3	1684
2472	2025-05-19	4	229
2473	2025-05-19	5	8
2474	2025-05-19	6	168
2475	2025-05-19	7	157
2476	2025-05-19	8	3
2477	2025-05-19	9	884
2478	2025-05-19	10	573
2479	2025-05-19	11	8
2480	2025-05-19	12	636
2481	2025-05-19	13	5
2482	2025-05-19	14	285
2483	2025-05-19	15	159
2484	2025-05-19	16	144
2485	2025-05-19	17	15
2486	2025-05-19	18	45
2487	2025-05-19	19	42
2488	2025-05-19	20	52
2489	2025-05-19	21	25
2490	2025-05-19	22	26
2491	2025-05-19	23	17
2492	2025-05-19	24	8
2493	2025-05-19	25	6
2494	2025-05-19	26	69
2495	2025-05-20	1	13
2496	2025-05-20	2	12
2497	2025-05-20	3	1684
2498	2025-05-20	4	231
2499	2025-05-20	5	7
2500	2025-05-20	6	170
2501	2025-05-20	7	156
2502	2025-05-20	8	6
2503	2025-05-20	9	887
2504	2025-05-20	10	571
2505	2025-05-20	11	4
2506	2025-05-20	12	633
2507	2025-05-20	13	4
2508	2025-05-20	14	283
2509	2025-05-20	15	155
2510	2025-05-20	16	147
2511	2025-05-20	17	13
2512	2025-05-20	18	45
2513	2025-05-20	19	44
2514	2025-05-20	20	49
2515	2025-05-20	21	28
2516	2025-05-20	22	28
2517	2025-05-20	23	14
2518	2025-05-20	24	8
2519	2025-05-20	25	4
2520	2025-05-20	26	65
2521	2025-05-21	1	15
2522	2025-05-21	2	12
2523	2025-05-21	3	1682
2524	2025-05-21	4	228
2525	2025-05-21	5	9
2526	2025-05-21	6	166
2527	2025-05-21	7	155
2528	2025-05-21	8	5
2529	2025-05-21	9	883
2530	2025-05-21	10	568
2531	2025-05-21	11	6
2532	2025-05-21	12	633
2533	2025-05-21	13	8
2534	2025-05-21	14	284
2535	2025-05-21	15	155
2536	2025-05-21	16	149
2537	2025-05-21	17	16
2538	2025-05-21	18	46
2539	2025-05-21	19	44
2540	2025-05-21	20	51
2541	2025-05-21	21	26
2542	2025-05-21	22	26
2543	2025-05-21	23	15
2544	2025-05-21	24	6
2545	2025-05-21	25	5
2546	2025-05-21	26	66
2547	2025-05-22	1	14
2548	2025-05-22	2	11
2549	2025-05-22	3	1685
2550	2025-05-22	4	227
2551	2025-05-22	5	8
2552	2025-05-22	6	171
2553	2025-05-22	7	157
2554	2025-05-22	8	4
2555	2025-05-22	9	884
2556	2025-05-22	10	572
2557	2025-05-22	11	6
2558	2025-05-22	12	636
2559	2025-05-22	13	4
2560	2025-05-22	14	284
2561	2025-05-22	15	156
2562	2025-05-22	16	145
2563	2025-05-22	17	15
2564	2025-05-22	18	49
2565	2025-05-22	19	43
2566	2025-05-22	20	53
2567	2025-05-22	21	28
2568	2025-05-22	22	30
2569	2025-05-22	23	16
2570	2025-05-22	24	10
2571	2025-05-22	25	5
2572	2025-05-22	26	65
2573	2025-05-23	1	15
2574	2025-05-23	2	12
2575	2025-05-23	3	1684
2576	2025-05-23	4	227
2577	2025-05-23	5	9
2578	2025-05-23	6	170
2579	2025-05-23	7	158
2580	2025-05-23	8	8
2581	2025-05-23	9	886
2582	2025-05-23	10	571
2583	2025-05-23	11	7
2584	2025-05-23	12	633
2585	2025-05-23	13	8
2586	2025-05-23	14	283
2587	2025-05-23	15	159
2588	2025-05-23	16	148
2589	2025-05-23	17	16
2590	2025-05-23	18	50
2591	2025-05-23	19	44
2592	2025-05-23	20	53
2593	2025-05-23	21	26
2594	2025-05-23	22	27
2595	2025-05-23	23	15
2596	2025-05-23	24	7
2597	2025-05-23	25	5
2598	2025-05-23	26	70
2599	2025-05-24	1	12
2600	2025-05-24	2	11
2601	2025-05-24	3	1685
2602	2025-05-24	4	232
2603	2025-05-24	5	10
2604	2025-05-24	6	169
2605	2025-05-24	7	154
2606	2025-05-24	8	5
2607	2025-05-24	9	882
2608	2025-05-24	10	570
2609	2025-05-24	11	5
2610	2025-05-24	12	636
2611	2025-05-24	13	3
2612	2025-05-24	14	285
2613	2025-05-24	15	154
2614	2025-05-24	16	147
2615	2025-05-24	17	15
2616	2025-05-24	18	47
2617	2025-05-24	19	45
2618	2025-05-24	20	49
2619	2025-05-24	21	24
2620	2025-05-24	22	26
2621	2025-05-24	23	17
2622	2025-05-24	24	7
2623	2025-05-24	25	5
2624	2025-05-24	26	65
2625	2025-05-26	1	16
2626	2025-05-26	2	9
2627	2025-05-26	3	1680
2628	2025-05-26	4	231
2629	2025-05-26	5	6
2630	2025-05-26	6	168
2631	2025-05-26	7	154
2632	2025-05-26	8	4
2633	2025-05-26	9	882
2634	2025-05-26	10	569
2635	2025-05-26	11	3
2636	2025-05-26	12	631
2637	2025-05-26	13	8
2638	2025-05-26	14	287
2639	2025-05-26	15	158
2640	2025-05-26	16	147
2641	2025-05-26	17	11
2642	2025-05-26	18	45
2643	2025-05-26	19	46
2644	2025-05-26	20	49
2645	2025-05-26	21	24
2646	2025-05-26	22	28
2647	2025-05-26	23	15
2648	2025-05-26	24	7
2649	2025-05-26	25	8
2650	2025-05-26	26	66
2651	2025-05-27	1	14
2652	2025-05-27	2	9
2653	2025-05-27	3	1681
2654	2025-05-27	4	232
2655	2025-05-27	5	9
2656	2025-05-27	6	171
2657	2025-05-27	7	156
2658	2025-05-27	8	6
2659	2025-05-27	9	887
2660	2025-05-27	10	572
2661	2025-05-27	11	7
2662	2025-05-27	12	632
2663	2025-05-27	13	5
2664	2025-05-27	14	284
2665	2025-05-27	15	155
2666	2025-05-27	16	145
2667	2025-05-27	17	12
2668	2025-05-27	18	49
2669	2025-05-27	19	44
2670	2025-05-27	20	51
2671	2025-05-27	21	27
2672	2025-05-27	22	27
2673	2025-05-27	23	12
2674	2025-05-27	24	10
2675	2025-05-27	25	7
2676	2025-05-27	26	65
2677	2025-05-28	1	16
2678	2025-05-28	2	8
2679	2025-05-28	3	1683
2680	2025-05-28	4	231
2681	2025-05-28	5	10
2682	2025-05-28	6	166
2683	2025-05-28	7	155
2684	2025-05-28	8	5
2685	2025-05-28	9	883
2686	2025-05-28	10	573
2687	2025-05-28	11	7
2688	2025-05-28	12	635
2689	2025-05-28	13	5
2690	2025-05-28	14	287
2691	2025-05-28	15	157
2692	2025-05-28	16	148
2693	2025-05-28	17	13
2694	2025-05-28	18	50
2695	2025-05-28	19	42
2696	2025-05-28	20	48
2697	2025-05-28	21	26
2698	2025-05-28	22	26
2699	2025-05-28	23	14
2700	2025-05-28	24	5
2701	2025-05-28	25	9
2702	2025-05-28	26	70
2703	2025-05-29	1	14
2704	2025-05-29	2	8
2705	2025-05-29	3	1682
2706	2025-05-29	4	229
2707	2025-05-29	5	9
2708	2025-05-29	6	168
2709	2025-05-29	7	153
2710	2025-05-29	8	7
2711	2025-05-29	9	883
2712	2025-05-29	10	573
2713	2025-05-29	11	5
2714	2025-05-29	12	636
2715	2025-05-29	13	6
2716	2025-05-29	14	288
2717	2025-05-29	15	157
2718	2025-05-29	16	144
2719	2025-05-29	17	15
2720	2025-05-29	18	46
2721	2025-05-29	19	45
2722	2025-05-29	20	48
2723	2025-05-29	21	26
2724	2025-05-29	22	29
2725	2025-05-29	23	15
2726	2025-05-29	24	5
2727	2025-05-29	25	8
2728	2025-05-29	26	70
2729	2025-05-30	1	16
2730	2025-05-30	2	7
2731	2025-05-30	3	1685
2732	2025-05-30	4	227
2733	2025-05-30	5	5
2734	2025-05-30	6	170
2735	2025-05-30	7	158
2736	2025-05-30	8	3
2737	2025-05-30	9	883
2738	2025-05-30	10	567
2739	2025-05-30	11	8
2740	2025-05-30	12	635
2741	2025-05-30	13	7
2742	2025-05-30	14	286
2743	2025-05-30	15	157
2744	2025-05-30	16	149
2745	2025-05-30	17	13
2746	2025-05-30	18	48
2747	2025-05-30	19	44
2748	2025-05-30	20	53
2749	2025-05-30	21	25
2750	2025-05-30	22	28
2751	2025-05-30	23	17
2752	2025-05-30	24	7
2753	2025-05-30	25	7
2754	2025-05-30	26	67
2755	2025-05-31	1	14
2756	2025-05-31	2	8
2757	2025-05-31	3	1685
2758	2025-05-31	4	229
2759	2025-05-31	5	5
2760	2025-05-31	6	171
2761	2025-05-31	7	156
2762	2025-05-31	8	7
2763	2025-05-31	9	882
2764	2025-05-31	10	571
2765	2025-05-31	11	8
2766	2025-05-31	12	633
2767	2025-05-31	13	6
2768	2025-05-31	14	283
2769	2025-05-31	15	155
2770	2025-05-31	16	146
2771	2025-05-31	17	12
2772	2025-05-31	18	49
2773	2025-05-31	19	42
2774	2025-05-31	20	49
2775	2025-05-31	21	29
2776	2025-05-31	22	30
2777	2025-05-31	23	12
2778	2025-05-31	24	7
2779	2025-05-31	25	7
2780	2025-05-31	26	69
2781	2025-06-02	1	18
2782	2025-06-02	2	11
2783	2025-06-02	3	1697
2784	2025-06-02	4	219
2785	2025-06-02	5	9
2786	2025-06-02	6	171
2787	2025-06-02	7	179
2788	2025-06-02	8	9
2789	2025-06-02	9	952
2790	2025-06-02	10	425
2791	2025-06-02	11	6
2792	2025-06-02	12	539
2793	2025-06-02	13	2
2794	2025-06-02	14	280
2795	2025-06-02	15	201
2796	2025-06-02	16	138
2797	2025-06-02	17	11
2798	2025-06-02	18	41
2799	2025-06-02	19	40
2800	2025-06-02	20	47
2801	2025-06-02	21	41
2802	2025-06-02	22	36
2803	2025-06-02	23	11
2804	2025-06-02	24	10
2805	2025-06-02	25	11
2806	2025-06-02	26	72
2807	2025-06-03	1	19
2808	2025-06-03	2	13
2809	2025-06-03	3	1699
2810	2025-06-03	4	219
2811	2025-06-03	5	9
2812	2025-06-03	6	173
2813	2025-06-03	7	180
2814	2025-06-03	8	8
2815	2025-06-03	9	955
2816	2025-06-03	10	420
2817	2025-06-03	11	6
2818	2025-06-03	12	543
2819	2025-06-03	13	7
2820	2025-06-03	14	283
2821	2025-06-03	15	201
2822	2025-06-03	16	137
2823	2025-06-03	17	11
2824	2025-06-03	18	40
2825	2025-06-03	19	45
2826	2025-06-03	20	50
2827	2025-06-03	21	38
2828	2025-06-03	22	37
2829	2025-06-03	23	11
2830	2025-06-03	24	5
2831	2025-06-03	25	11
2832	2025-06-03	26	67
2833	2025-06-04	1	21
2834	2025-06-04	2	9
2835	2025-06-04	3	1699
2836	2025-06-04	4	224
2837	2025-06-04	5	10
2838	2025-06-04	6	175
2839	2025-06-04	7	180
2840	2025-06-04	8	8
2841	2025-06-04	9	955
2842	2025-06-04	10	423
2843	2025-06-04	11	7
2844	2025-06-04	12	543
2845	2025-06-04	13	7
2846	2025-06-04	14	283
2847	2025-06-04	15	200
2848	2025-06-04	16	139
2849	2025-06-04	17	15
2850	2025-06-04	18	39
2851	2025-06-04	19	42
2852	2025-06-04	20	47
2853	2025-06-04	21	40
2854	2025-06-04	22	36
2855	2025-06-04	23	10
2856	2025-06-04	24	7
2857	2025-06-04	25	12
2858	2025-06-04	26	69
2859	2025-06-05	1	21
2860	2025-06-05	2	9
2861	2025-06-05	3	1697
2862	2025-06-05	4	224
2863	2025-06-05	5	7
2864	2025-06-05	6	172
2865	2025-06-05	7	182
2866	2025-06-05	8	7
2867	2025-06-05	9	951
2868	2025-06-05	10	419
2869	2025-06-05	11	3
2870	2025-06-05	12	539
2871	2025-06-05	13	4
2872	2025-06-05	14	283
2873	2025-06-05	15	198
2874	2025-06-05	16	135
2875	2025-06-05	17	12
2876	2025-06-05	18	39
2877	2025-06-05	19	42
2878	2025-06-05	20	47
2879	2025-06-05	21	41
2880	2025-06-05	22	38
2881	2025-06-05	23	10
2882	2025-06-05	24	5
2883	2025-06-05	25	12
2884	2025-06-05	26	69
2885	2025-06-06	1	18
2886	2025-06-06	2	13
2887	2025-06-06	3	1695
2888	2025-06-06	4	219
2889	2025-06-06	5	8
2890	2025-06-06	6	173
2891	2025-06-06	7	180
2892	2025-06-06	8	4
2893	2025-06-06	9	955
2894	2025-06-06	10	422
2895	2025-06-06	11	7
2896	2025-06-06	12	539
2897	2025-06-06	13	4
2898	2025-06-06	14	285
2899	2025-06-06	15	203
2900	2025-06-06	16	139
2901	2025-06-06	17	16
2902	2025-06-06	18	41
2903	2025-06-06	19	45
2904	2025-06-06	20	51
2905	2025-06-06	21	38
2906	2025-06-06	22	36
2907	2025-06-06	23	8
2908	2025-06-06	24	7
2909	2025-06-06	25	9
2910	2025-06-06	26	70
2911	2025-06-07	1	18
2912	2025-06-07	2	13
2913	2025-06-07	3	1695
2914	2025-06-07	4	222
2915	2025-06-07	5	9
2916	2025-06-07	6	170
2917	2025-06-07	7	181
2918	2025-06-07	8	9
2919	2025-06-07	9	954
2920	2025-06-07	10	420
2921	2025-06-07	11	7
2922	2025-06-07	12	539
2923	2025-06-07	13	5
2924	2025-06-07	14	285
2925	2025-06-07	15	199
2926	2025-06-07	16	135
2927	2025-06-07	17	16
2928	2025-06-07	18	38
2929	2025-06-07	19	43
2930	2025-06-07	20	51
2931	2025-06-07	21	40
2932	2025-06-07	22	33
2933	2025-06-07	23	12
2934	2025-06-07	24	9
2935	2025-06-07	25	7
2936	2025-06-07	26	68
2937	2025-06-09	1	16
2938	2025-06-09	2	13
2939	2025-06-09	3	1695
2940	2025-06-09	4	222
2941	2025-06-09	5	10
2942	2025-06-09	6	173
2943	2025-06-09	7	183
2944	2025-06-09	8	6
2945	2025-06-09	9	953
2946	2025-06-09	10	421
2947	2025-06-09	11	5
2948	2025-06-09	12	543
2949	2025-06-09	13	2
2950	2025-06-09	14	285
2951	2025-06-09	15	203
2952	2025-06-09	16	135
2953	2025-06-09	17	11
2954	2025-06-09	18	41
2955	2025-06-09	19	42
2956	2025-06-09	20	51
2957	2025-06-09	21	40
2958	2025-06-09	22	38
2959	2025-06-09	23	9
2960	2025-06-09	24	7
2961	2025-06-09	25	8
2962	2025-06-09	26	67
2963	2025-06-10	1	20
2964	2025-06-10	2	14
2965	2025-06-10	3	1697
2966	2025-06-10	4	219
2967	2025-06-10	5	9
2968	2025-06-10	6	172
2969	2025-06-10	7	179
2970	2025-06-10	8	5
2971	2025-06-10	9	952
2972	2025-06-10	10	420
2973	2025-06-10	11	3
2974	2025-06-10	12	538
2975	2025-06-10	13	2
2976	2025-06-10	14	281
2977	2025-06-10	15	198
2978	2025-06-10	16	137
2979	2025-06-10	17	13
2980	2025-06-10	18	37
2981	2025-06-10	19	44
2982	2025-06-10	20	48
2983	2025-06-10	21	40
2984	2025-06-10	22	35
2985	2025-06-10	23	10
2986	2025-06-10	24	10
2987	2025-06-10	25	8
2988	2025-06-10	26	72
2989	2025-06-11	1	21
2990	2025-06-11	2	14
2991	2025-06-11	3	1696
2992	2025-06-11	4	222
2993	2025-06-11	5	9
2994	2025-06-11	6	172
2995	2025-06-11	7	183
2996	2025-06-11	8	7
2997	2025-06-11	9	953
2998	2025-06-11	10	423
2999	2025-06-11	11	8
3000	2025-06-11	12	538
3001	2025-06-11	13	4
3002	2025-06-11	14	283
3003	2025-06-11	15	199
3004	2025-06-11	16	136
3005	2025-06-11	17	13
3006	2025-06-11	18	39
3007	2025-06-11	19	44
3008	2025-06-11	20	49
3009	2025-06-11	21	42
3010	2025-06-11	22	38
3011	2025-06-11	23	9
3012	2025-06-11	24	5
3013	2025-06-11	25	8
3014	2025-06-11	26	69
3015	2025-06-12	1	20
3016	2025-06-12	2	14
3017	2025-06-12	3	1694
3018	2025-06-12	4	223
3019	2025-06-12	5	8
3020	2025-06-12	6	174
3021	2025-06-12	7	183
3022	2025-06-12	8	5
3023	2025-06-12	9	955
3024	2025-06-12	10	423
3025	2025-06-12	11	7
3026	2025-06-12	12	539
3027	2025-06-12	13	4
3028	2025-06-12	14	283
3029	2025-06-12	15	203
3030	2025-06-12	16	137
3031	2025-06-12	17	16
3032	2025-06-12	18	37
3033	2025-06-12	19	41
3034	2025-06-12	20	50
3035	2025-06-12	21	39
3036	2025-06-12	22	35
3037	2025-06-12	23	7
3038	2025-06-12	24	8
3039	2025-06-12	25	11
3040	2025-06-12	26	70
3041	2025-06-13	1	17
3042	2025-06-13	2	10
3043	2025-06-13	3	1699
3044	2025-06-13	4	223
3045	2025-06-13	5	11
3046	2025-06-13	6	173
3047	2025-06-13	7	181
3048	2025-06-13	8	4
3049	2025-06-13	9	956
3050	2025-06-13	10	421
3051	2025-06-13	11	5
3052	2025-06-13	12	542
3053	2025-06-13	13	2
3054	2025-06-13	14	285
3055	2025-06-13	15	198
3056	2025-06-13	16	140
3057	2025-06-13	17	13
3058	2025-06-13	18	41
3059	2025-06-13	19	40
3060	2025-06-13	20	49
3061	2025-06-13	21	39
3062	2025-06-13	22	36
3063	2025-06-13	23	10
3064	2025-06-13	24	5
3065	2025-06-13	25	7
3066	2025-06-13	26	67
3067	2025-06-14	1	19
3068	2025-06-14	2	14
3069	2025-06-14	3	1694
3070	2025-06-14	4	220
3071	2025-06-14	5	12
3072	2025-06-14	6	171
3073	2025-06-14	7	181
3074	2025-06-14	8	4
3075	2025-06-14	9	954
3076	2025-06-14	10	422
3077	2025-06-14	11	8
3078	2025-06-14	12	543
3079	2025-06-14	13	4
3080	2025-06-14	14	283
3081	2025-06-14	15	198
3082	2025-06-14	16	136
3083	2025-06-14	17	12
3084	2025-06-14	18	35
3085	2025-06-14	19	40
3086	2025-06-14	20	51
3087	2025-06-14	21	39
3088	2025-06-14	22	37
3089	2025-06-14	23	12
3090	2025-06-14	24	9
3091	2025-06-14	25	10
3092	2025-06-14	26	72
3093	2025-06-16	1	19
3094	2025-06-16	2	10
3095	2025-06-16	3	1695
3096	2025-06-16	4	221
3097	2025-06-16	5	8
3098	2025-06-16	6	173
3099	2025-06-16	7	179
3100	2025-06-16	8	6
3101	2025-06-16	9	953
3102	2025-06-16	10	420
3103	2025-06-16	11	8
3104	2025-06-16	12	543
3105	2025-06-16	13	7
3106	2025-06-16	14	284
3107	2025-06-16	15	198
3108	2025-06-16	16	136
3109	2025-06-16	17	15
3110	2025-06-16	18	38
3111	2025-06-16	19	42
3112	2025-06-16	20	50
3113	2025-06-16	21	42
3114	2025-06-16	22	37
3115	2025-06-16	23	10
3116	2025-06-16	24	9
3117	2025-06-16	25	9
3118	2025-06-16	26	70
3119	2025-06-17	1	18
3120	2025-06-17	2	11
3121	2025-06-17	3	1695
3122	2025-06-17	4	224
3123	2025-06-17	5	10
3124	2025-06-17	6	172
3125	2025-06-17	7	182
3126	2025-06-17	8	5
3127	2025-06-17	9	953
3128	2025-06-17	10	421
3129	2025-06-17	11	6
3130	2025-06-17	12	538
3131	2025-06-17	13	6
3132	2025-06-17	14	285
3133	2025-06-17	15	203
3134	2025-06-17	16	138
3135	2025-06-17	17	12
3136	2025-06-17	18	41
3137	2025-06-17	19	43
3138	2025-06-17	20	49
3139	2025-06-17	21	41
3140	2025-06-17	22	37
3141	2025-06-17	23	11
3142	2025-06-17	24	6
3143	2025-06-17	25	9
3144	2025-06-17	26	68
3145	2025-06-18	1	18
3146	2025-06-18	2	11
3147	2025-06-18	3	1697
3148	2025-06-18	4	220
3149	2025-06-18	5	8
3150	2025-06-18	6	175
3151	2025-06-18	7	179
3152	2025-06-18	8	8
3153	2025-06-18	9	951
3154	2025-06-18	10	421
3155	2025-06-18	11	4
3156	2025-06-18	12	542
3157	2025-06-18	13	6
3158	2025-06-18	14	281
3159	2025-06-18	15	198
3160	2025-06-18	16	135
3161	2025-06-18	17	11
3162	2025-06-18	18	37
3163	2025-06-18	19	41
3164	2025-06-18	20	47
3165	2025-06-18	21	41
3166	2025-06-18	22	33
3167	2025-06-18	23	11
3168	2025-06-18	24	5
3169	2025-06-18	25	10
3170	2025-06-18	26	69
3171	2025-06-19	1	19
3172	2025-06-19	2	12
3173	2025-06-19	3	1699
3174	2025-06-19	4	221
3175	2025-06-19	5	9
3176	2025-06-19	6	173
3177	2025-06-19	7	181
3178	2025-06-19	8	6
3179	2025-06-19	9	955
3180	2025-06-19	10	425
3181	2025-06-19	11	4
3182	2025-06-19	12	538
3183	2025-06-19	13	4
3184	2025-06-19	14	281
3185	2025-06-19	15	199
3186	2025-06-19	16	137
3187	2025-06-19	17	15
3188	2025-06-19	18	38
3189	2025-06-19	19	45
3190	2025-06-19	20	48
3191	2025-06-19	21	43
3192	2025-06-19	22	33
3193	2025-06-19	23	10
3194	2025-06-19	24	7
3195	2025-06-19	25	8
3196	2025-06-19	26	69
3197	2025-06-20	1	18
3198	2025-06-20	2	14
3199	2025-06-20	3	1694
3200	2025-06-20	4	222
3201	2025-06-20	5	9
3202	2025-06-20	6	175
3203	2025-06-20	7	179
3204	2025-06-20	8	9
3205	2025-06-20	9	953
3206	2025-06-20	10	421
3207	2025-06-20	11	7
3208	2025-06-20	12	541
3209	2025-06-20	13	6
3210	2025-06-20	14	285
3211	2025-06-20	15	202
3212	2025-06-20	16	139
3213	2025-06-20	17	15
3214	2025-06-20	18	35
3215	2025-06-20	19	44
3216	2025-06-20	20	47
3217	2025-06-20	21	41
3218	2025-06-20	22	35
3219	2025-06-20	23	10
3220	2025-06-20	24	6
3221	2025-06-20	25	7
3222	2025-06-20	26	72
3223	2025-06-21	1	21
3224	2025-06-21	2	15
3225	2025-06-21	3	1697
3226	2025-06-21	4	222
3227	2025-06-21	5	7
3228	2025-06-21	6	174
3229	2025-06-21	7	183
3230	2025-06-21	8	4
3231	2025-06-21	9	953
3232	2025-06-21	10	425
3233	2025-06-21	11	3
3234	2025-06-21	12	540
3235	2025-06-21	13	3
3236	2025-06-21	14	284
3237	2025-06-21	15	201
3238	2025-06-21	16	138
3239	2025-06-21	17	12
3240	2025-06-21	18	36
3241	2025-06-21	19	45
3242	2025-06-21	20	51
3243	2025-06-21	21	42
3244	2025-06-21	22	37
3245	2025-06-21	23	8
3246	2025-06-21	24	9
3247	2025-06-21	25	10
3248	2025-06-21	26	67
3249	2025-06-23	1	18
3250	2025-06-23	2	10
3251	2025-06-23	3	1694
3252	2025-06-23	4	222
3253	2025-06-23	5	11
3254	2025-06-23	6	170
3255	2025-06-23	7	183
3256	2025-06-23	8	4
3257	2025-06-23	9	956
3258	2025-06-23	10	420
3259	2025-06-23	11	3
3260	2025-06-23	12	540
3261	2025-06-23	13	6
3262	2025-06-23	14	285
3263	2025-06-23	15	198
3264	2025-06-23	16	139
3265	2025-06-23	17	16
3266	2025-06-23	18	35
3267	2025-06-23	19	45
3268	2025-06-23	20	49
3269	2025-06-23	21	38
3270	2025-06-23	22	38
3271	2025-06-23	23	9
3272	2025-06-23	24	10
3273	2025-06-23	25	8
3274	2025-06-23	26	72
3275	2025-06-24	1	21
3276	2025-06-24	2	13
3277	2025-06-24	3	1696
3278	2025-06-24	4	221
3279	2025-06-24	5	9
3280	2025-06-24	6	171
3281	2025-06-24	7	181
3282	2025-06-24	8	9
3283	2025-06-24	9	952
3284	2025-06-24	10	420
3285	2025-06-24	11	7
3286	2025-06-24	12	539
3287	2025-06-24	13	7
3288	2025-06-24	14	283
3289	2025-06-24	15	203
3290	2025-06-24	16	136
3291	2025-06-24	17	12
3292	2025-06-24	18	36
3293	2025-06-24	19	43
3294	2025-06-24	20	49
3295	2025-06-24	21	42
3296	2025-06-24	22	33
3297	2025-06-24	23	8
3298	2025-06-24	24	5
3299	2025-06-24	25	7
3300	2025-06-24	26	67
3301	2025-06-25	1	17
3302	2025-06-25	2	9
3303	2025-06-25	3	1694
3304	2025-06-25	4	222
3305	2025-06-25	5	7
3306	2025-06-25	6	174
3307	2025-06-25	7	179
3308	2025-06-25	8	9
3309	2025-06-25	9	952
3310	2025-06-25	10	423
3311	2025-06-25	11	5
3312	2025-06-25	12	543
3313	2025-06-25	13	2
3314	2025-06-25	14	282
3315	2025-06-25	15	203
3316	2025-06-25	16	135
3317	2025-06-25	17	11
3318	2025-06-25	18	36
3319	2025-06-25	19	42
3320	2025-06-25	20	52
3321	2025-06-25	21	41
3322	2025-06-25	22	36
3323	2025-06-25	23	12
3324	2025-06-25	24	9
3325	2025-06-25	25	12
3326	2025-06-25	26	68
3327	2025-06-26	1	17
3328	2025-06-26	2	9
3329	2025-06-26	3	1695
3330	2025-06-26	4	221
3331	2025-06-26	5	11
3332	2025-06-26	6	170
3333	2025-06-26	7	178
3334	2025-06-26	8	4
3335	2025-06-26	9	952
3336	2025-06-26	10	422
3337	2025-06-26	11	4
3338	2025-06-26	12	543
3339	2025-06-26	13	5
3340	2025-06-26	14	283
3341	2025-06-26	15	201
3342	2025-06-26	16	137
3343	2025-06-26	17	16
3344	2025-06-26	18	38
3345	2025-06-26	19	41
3346	2025-06-26	20	48
3347	2025-06-26	21	41
3348	2025-06-26	22	37
3349	2025-06-26	23	8
3350	2025-06-26	24	7
3351	2025-06-26	25	10
3352	2025-06-26	26	67
3353	2025-06-27	1	20
3354	2025-06-27	2	13
3355	2025-06-27	3	1695
3356	2025-06-27	4	219
3357	2025-06-27	5	12
3358	2025-06-27	6	174
3359	2025-06-27	7	179
3360	2025-06-27	8	9
3361	2025-06-27	9	951
3362	2025-06-27	10	419
3363	2025-06-27	11	7
3364	2025-06-27	12	542
3365	2025-06-27	13	3
3366	2025-06-27	14	280
3367	2025-06-27	15	202
3368	2025-06-27	16	137
3369	2025-06-27	17	11
3370	2025-06-27	18	38
3371	2025-06-27	19	42
3372	2025-06-27	20	47
3373	2025-06-27	21	41
3374	2025-06-27	22	35
3375	2025-06-27	23	7
3376	2025-06-27	24	6
3377	2025-06-27	25	7
3378	2025-06-27	26	67
3379	2025-06-28	1	18
3380	2025-06-28	2	13
3381	2025-06-28	3	1694
3382	2025-06-28	4	220
3383	2025-06-28	5	10
3384	2025-06-28	6	175
3385	2025-06-28	7	183
3386	2025-06-28	8	8
3387	2025-06-28	9	952
3388	2025-06-28	10	421
3389	2025-06-28	11	7
3390	2025-06-28	12	542
3391	2025-06-28	13	2
3392	2025-06-28	14	283
3393	2025-06-28	15	202
3394	2025-06-28	16	140
3395	2025-06-28	17	11
3396	2025-06-28	18	37
3397	2025-06-28	19	41
3398	2025-06-28	20	50
3399	2025-06-28	21	43
3400	2025-06-28	22	34
3401	2025-06-28	23	12
3402	2025-06-28	24	10
3403	2025-06-28	25	8
3404	2025-06-28	26	67
3405	2025-06-30	1	18
3406	2025-06-30	2	10
3407	2025-06-30	3	1694
3408	2025-06-30	4	223
3409	2025-06-30	5	12
3410	2025-06-30	6	170
3411	2025-06-30	7	178
3412	2025-06-30	8	5
3413	2025-06-30	9	955
3414	2025-06-30	10	420
3415	2025-06-30	11	5
3416	2025-06-30	12	541
3417	2025-06-30	13	5
3418	2025-06-30	14	285
3419	2025-06-30	15	199
3420	2025-06-30	16	136
3421	2025-06-30	17	14
3422	2025-06-30	18	41
3423	2025-06-30	19	45
3424	2025-06-30	20	49
3425	2025-06-30	21	39
3426	2025-06-30	22	38
3427	2025-06-30	23	9
3428	2025-06-30	24	9
3429	2025-06-30	25	10
3430	2025-06-30	26	71
\.


--
-- Data for Name: productos; Type: TABLE DATA; Schema: public; Owner: postgres
--

COPY public.productos (id_producto, productos, tipo, "tamaño", precio, costo, precio_con_igv) FROM stdin;
1	FARDOS DE BOLSA EN ROLLO  10X15 NATURAL 20 UND	ROLLO	10X15	185.00	148.00	218.30
2	FARDOS DE BOLSA EN ROLLO  12X17 NATURAL 20 UND	ROLLO	12X17	185.00	148.00	218.30
3	FARDOS DE BOLSAS 21X24  AMARILLO S/I X 25 PAQ-100UN	BOLSA CON ASA	21X24	310.00	248.00	365.80
4	FARDOS DE BOLSA 12X16  BLANCO 50 PAQ -100UN	BOLSA CON ASA	12X16	125.00	100.00	147.50
5	FARDOS DE BOLSA EN ROLLO  14X20 NATURAL 20 UND	ROLLO	14X20	185.00	148.00	218.30
6	FARDOS DE BOLSA 16X19  BLANCO 25PAQ-100UN	BOLSA CON ASA	16X19	105.00	84.00	123.90
7	FARDOS DE BOLSA 16X19  NEGRO 25PAQ-100UN	BOLSA CON ASA	16X19	100.00	80.00	118.00
8	FARDOS DE BOLSA EN ROLLO  5X10 NATURAL 20 UND	ROLLO	5X10	185.00	148.00	218.30
9	FARDOS DE BOLSAS 21X24  NEGRO S/I X 25 PAQ-100UN	BOLSA CON ASA	21X24	316.00	252.80	372.88
10	FARDOS DE BOLSAS 21X24  COLORES S/I X 25 PAQ-100UN	BOLSA CON ASA	21X24	283.00	226.40	333.94
11	FARDOS DE BOLSA EN ROLLO EL  12X17 NATURAL 20 UND	ROLLO	12X17	185.00	148.00	218.30
12	FARDOS DE BOLSAS 21X24  BLANCO S/I X 25 PAQ-100UN	BOLSA CON ASA	21X24	286.00	228.80	337.48
13	FARDOS DE BOLSA EN ROLLO EL  8X12 NATURAL 20 UND	ROLLO	8X12	185.00	148.00	218.30
14	FARDOS DE BOLSAS 21X24  VERDE S/I X 25 PAQ-100UN	BOLSA CON ASA	21X24	320.00	256.00	377.60
15	FARDOS DE BOLSAS 21X24  ROSADO S/I X 25 PAQ-100UN	BOLSA CON ASA	21X24	341.00	272.80	402.38
16	FARDOS DE BOLSAS 21X24  ROJO S/I X 25 PAQ-100UN	BOLSA CON ASA	21X24	236.00	188.80	278.48
17	FARDOS DE BOLSAS CHEQUERA 10X15 CRISTAL 80 UND	CHEQUERA	10X15	190.00	152.00	224.20
18	FARDOS DE BOLSAS 21X24  AZUL S/I X 25 PAQ-100UN	BOLSA CON ASA	21X24	305.00	244.00	359.90
19	FARDOS DE BOLSAS 21X24  NARANJA S/I X 25 PAQ-100UN	BOLSA CON ASA	21X24	261.00	208.80	307.98
20	FARDOS DE BOLSAS 21X24  TURQUESA S/I X 25 PAQ-100UN	BOLSA CON ASA	21X24	303.00	242.40	357.54
21	FARDOS DE BOLSAS 140 LITROS  NEGRO X 100 UND	BOLSA DE BASURA	140 LITROS X 1	34.00	27.20	40.12
22	FARDOS DE BOLSAS 21X24  BORGOÑA S/I X 25 PAQ-100UN	BOLSA CON ASA	21X24	272.00	217.60	320.96
23	FARDOS DE BOLSAS 7X10   CRISTAL 1 MILLAR	CHEQUERA	7X10	10.00	8.00	11.80
24	FARDOS DE BOLSAS 8X12  1MILL CRISTAL	CHEQUERA	8X12	13.50	10.80	15.93
25	FARDOS DE BOLSA 12X16  NEGRO  50 PAQ -100UN	BOLSA CON ASA	12X16	100.00	80.00	118.00
26	FARDOS DE BOLSA CAMPEON 20X30 NEGRO 100UND	BOLSA DE BASURA	20X30	12.00	9.60	14.16
\.


--
-- Data for Name: proveedores; Type: TABLE DATA; Schema: public; Owner: postgres
--

COPY public.proveedores (id_proveedor, nombre_proveedor, ciudad, contacto) FROM stdin;
1	SinoChem Plastics Co. Ltd.	Shanghai, China	li.wei@sinochem.com
2	Braskem S.A.	São Paulo, Brasil	contato@braskem.com
3	Reliance Industries Limited	Mumbai, India	contact@ril.com
4	ExxonMobil Chemical	Houston, USA	supplier@exxonmobil.com
5	Formosa Plastics Corporation	Kaohsiung, Taiwán	sales@formosa.com
6	LyondellBasell Industries	Rotterdam, Países Bajos	europe@lyondellbasell.com
7	SABIC (Saudi Basic Industries Corp.)	Riad, Arabia Saudita	info@sabic.com
8	LG Chem Ltd.	Seúl, Corea del Sur	global@lgchem.com
\.


--
-- Data for Name: provincia; Type: TABLE DATA; Schema: public; Owner: postgres
--

COPY public.provincia (idprovincia, provincia, iddepartamento) FROM stdin;
1	BAGUA	1
2	BONGARA	1
3	CHACHAPOYAS	1
4	CONDORCANQUI	1
5	LUYA	1
6	RODRIGUEZ DE MENDOZA	1
7	UTCUBAMBA	1
8	AIJA	2
9	ANTONIO RAYMONDI	2
10	ASUNCION	2
11	BOLOGNESI	2
12	CARHUAZ	2
13	CARLOS F.FITZCARRALD	2
14	CASMA	2
15	CORONGO	2
16	HUARAZ	2
17	HUARI	2
18	HUARMEY	2
19	HUAYLAS	2
20	MARISCAL LUZURIAGA	2
21	OCROS	2
22	PALLASCA	2
23	POMABAMBA	2
24	RECUAY	2
25	SANTA	2
26	SIHUAS	2
27	YUNGAY	2
28	ABANCAY	3
29	ANDAHUAYLAS	3
30	ANTABAMBA	3
31	AYMARAES	3
32	CHINCHEROS	3
33	COTABAMBAS	3
34	GRAU	3
35	AREQUIPA	4
36	CAMANA	4
37	CARAVELI	4
38	CASTILLA	4
39	CAYLLOMA	4
40	CONDESUYOS	4
41	ISLAY	4
42	LA UNION	4
43	CANGALLO	5
44	HUAMANGA	5
45	HUANCA SANCOS	5
46	HUANTA	5
47	LA MAR	5
48	LUCANAS	5
49	PARINACOCHAS	5
50	PAUCAR DEL SARA SARA	5
51	SUCRE	5
52	VICTOR FAJARDO	5
53	VILCASHUAMAN	5
54	CAJABAMBA	6
55	CAJAMARCA	6
56	CELENDIN	6
57	CHOTA	6
58	CONTUMAZA	6
59	CUTERVO	6
60	HUALGAYOC	6
61	JAEN	6
62	SAN IGNACIO	6
63	SAN MARCOS	6
64	SAN MIGUEL	6
65	SAN PABLO	6
66	SANTA CRUZ	6
67	ACOMAYO	7
68	ANTA	7
69	CALCA	7
70	CANAS	7
71	CANCHIS	7
72	CHUMBIVILCAS	7
73	CUSCO	7
74	ESPINAR	7
75	LA CONVENCION	7
76	PARURO	7
77	PAUCARTAMBO	7
78	QUISPICANCHI	7
79	URUBAMBA	7
80	ACOBAMBA	8
81	ANGARAES	8
82	CASTROVIRREYNA	8
83	CHURCAMPA	8
84	HUANCAVELICA	8
85	HUAYTARA	8
86	TAYACAJA	8
87	AMBO	9
88	DOS DE MAYO	9
89	HUACAYBAMBA	9
90	HUAMALIES	9
91	HUANUCO	9
92	LAURICOCHA	9
93	LEONCIO PRADO	9
94	MARAÑON	9
95	PACHITEA	9
96	PUERTO INCA	9
97	YAROWILCA	9
98	CHINCHA	10
99	ICA	10
100	NAZCA	10
101	PALPA	10
102	PISCO	10
103	CHANCHAMAYO	11
104	CHUPACA	11
105	CONCEPCION	11
106	HUANCAYO	11
107	JAUJA	11
108	JUNIN	11
109	SATIPO	11
110	TARMA	11
111	YAULI	11
112	ASCOPE	12
113	BOLIVAR	12
114	CHEPEN	12
115	GRAN CHIMU	12
116	JULCAN	12
117	OTUZCO	12
118	PACASMAYO	12
119	PATAZ	12
120	SANCHEZ CARRION	12
121	SANTIAGO DE CHUCO	12
122	TRUJILLO	12
123	VIRU	12
124	CHICLAYO	13
125	FERREÑAFE	13
126	LAMBAYEQUE	13
127	BARRANCA	14
128	CAJATAMBO	14
129	CALLAO	14
130	CANTA	14
131	CAÑETE	14
132	HUARAL	14
133	HUAROCHIRI	14
134	HUAURA	14
135	LIMA	14
136	OYON	14
137	YAUYOS	14
138	ALTO AMAZONAS	15
139	LORETO	15
140	MARISCAL R.CASTILLA	15
141	MAYNAS	15
142	REQUENA	15
143	UCAYALI	15
144	MANU	16
145	TAHUAMANU	16
146	TAMBOPATA	16
147	GENERAL SANCHEZ CERRO	17
148	ILO	17
149	MARISCAL NIETO	17
150	DANIEL ALCIDES CARRION	18
151	OXAPAMPA	18
152	PASCO	18
153	AYABACA	19
154	HUANCABAMBA	19
155	MORROPON	19
156	PAITA	19
157	PIURA	19
158	SECHURA	19
159	SULLANA	19
160	TALARA	19
161	AZANGARO	20
162	CARABAYA	20
163	CHUCUITO	20
164	EL COLLAO	20
165	HUANCANE	20
166	LAMPA	20
167	MELGAR	20
168	MOHO	20
169	PUNO	20
170	SAN ANTONIO DE PUTINA	20
171	SAN ROMAN	20
172	SANDIA	20
173	YUNGUYO	20
174	BELLAVISTA	21
175	EL DORADO	21
176	HUALLAGA	21
177	LAMAS	21
178	MARISCAL CACERES	21
179	MOYOBAMBA	21
180	PICOTA	21
181	RIOJA	21
182	SAN MARTIN	21
183	TOCACHE	21
184	CANDARAVE	22
185	JORGE BASADRE	22
186	TACNA	22
187	TARATA	22
188	CONTRALMIRANTE VILLAR	23
189	TUMBES	23
190	ZARUMILLA	23
191	ATALAYA	24
192	CORONEL PORTILLO	24
193	PADRE ABAD	24
194	PURUS	24
\.


--
-- Data for Name: ventas; Type: TABLE DATA; Schema: public; Owner: postgres
--

COPY public.ventas (id_venta, idclientes, cantidad, id_producto, fecha) FROM stdin;
1	50	669	12	2025-01-01
2	46	20	1	2025-01-01
3	42	6	5	2025-01-01
4	42	6	24	2025-01-01
5	42	4	11	2025-01-01
6	40	10	23	2025-01-01
7	38	61	19	2025-01-01
8	37	1691	3	2025-01-01
9	34	647	12	2025-01-01
10	33	637	10	2025-01-01
11	32	720	10	2025-01-01
12	30	195	15	2025-01-01
13	29	376	14	2025-01-01
14	28	409	14	2025-01-01
15	27	3	8	2025-01-01
16	26	163	16	2025-01-01
17	21	57	21	2025-01-01
18	21	57	19	2025-01-01
19	20	3	24	2025-01-01
20	19	649	12	2025-01-01
21	17	4	5	2025-01-01
22	12	15	17	2025-01-01
23	10	141	26	2025-01-01
24	5	25	21	2025-01-01
25	2	240	4	2025-01-01
26	2	15	1	2025-01-01
27	49	81	16	2025-01-02
28	48	2135	3	2025-01-02
29	41	9	23	2025-01-02
30	40	53	20	2025-01-02
31	40	14	17	2025-01-02
32	40	5	2	2025-01-02
33	35	42	22	2025-01-02
34	35	50	20	2025-01-02
35	32	1	13	2025-01-02
36	21	132	26	2025-01-02
37	20	10	25	2025-01-02
38	18	14	17	2025-01-02
39	13	424	14	2025-01-02
40	9	8	24	2025-01-02
41	9	4	25	2025-01-02
42	9	135	15	2025-01-02
43	6	42	22	2025-01-02
44	3	13	1	2025-01-02
45	48	11	1	2025-01-03
46	41	1	13	2025-01-03
47	41	8	2	2025-01-03
48	39	3	13	2025-01-03
49	39	6	2	2025-01-03
50	37	57	20	2025-01-03
51	33	164	7	2025-01-03
52	28	735	10	2025-01-03
53	25	104	16	2025-01-03
54	21	5	2	2025-01-03
55	21	275	4	2025-01-03
56	21	10	23	2025-01-03
57	20	529	12	2025-01-03
58	18	4	11	2025-01-03
59	12	24	21	2025-01-03
60	11	2	13	2025-01-03
61	7	632	12	2025-01-03
62	6	4	11	2025-01-03
63	5	15	17	2025-01-03
64	49	224	6	2025-01-04
65	48	7	24	2025-01-04
66	46	273	4	2025-01-04
67	44	200	6	2025-01-04
68	39	303	4	2025-01-04
69	38	133	6	2025-01-04
70	37	1660	3	2025-01-04
71	37	45	20	2025-01-04
72	36	63	18	2025-01-04
73	36	2357	3	2025-01-04
74	35	2	11	2025-01-04
75	34	119	16	2025-01-04
76	33	47	20	2025-01-04
77	33	133	15	2025-01-04
78	32	137	7	2025-01-04
79	29	5	2	2025-01-04
80	23	167	16	2025-01-04
81	18	3	13	2025-01-04
82	17	3	13	2025-01-04
83	10	90	16	2025-01-04
84	9	185	16	2025-01-04
85	4	107	7	2025-01-04
86	3	805	10	2025-01-04
87	1	5	8	2025-01-04
88	48	14	17	2025-01-05
89	47	398	14	2025-01-05
90	47	26	22	2025-01-05
91	37	10	1	2025-01-05
92	37	224	15	2025-01-05
93	36	66	26	2025-01-05
94	32	55	18	2025-01-05
95	25	9	25	2025-01-05
96	25	258	7	2025-01-05
97	24	3	24	2025-01-05
98	24	247	7	2025-01-05
99	23	52	18	2025-01-05
100	16	4	11	2025-01-05
101	12	4	2	2025-01-05
102	7	4	2	2025-01-05
103	3	6	24	2025-01-05
104	45	10	2	2025-01-06
105	42	8	23	2025-01-06
106	41	6	8	2025-01-06
107	38	35	22	2025-01-06
108	36	42	20	2025-01-06
109	33	109	26	2025-01-06
110	31	6	24	2025-01-06
111	26	10	2	2025-01-06
112	17	952	9	2025-01-06
113	14	2	25	2025-01-06
114	10	15	17	2025-01-06
115	9	65	18	2025-01-06
116	7	515	12	2025-01-06
117	5	5	24	2025-01-06
118	1	14	17	2025-01-06
119	47	10	2	2025-01-07
120	45	3	11	2025-01-07
121	42	21	22	2025-01-07
122	41	5	8	2025-01-07
123	41	274	4	2025-01-07
124	39	47	19	2025-01-07
125	38	9	2	2025-01-07
126	36	5	2	2025-01-07
127	27	47	20	2025-01-07
128	23	6	5	2025-01-07
129	23	174	16	2025-01-07
130	15	26	22	2025-01-07
131	14	52	20	2025-01-07
132	12	41	19	2025-01-07
133	12	241	4	2025-01-07
134	4	10	1	2025-01-07
135	3	390	14	2025-01-07
136	3	3	8	2025-01-07
137	44	2321	3	2025-01-08
138	39	5	11	2025-01-08
139	35	2	8	2025-01-08
140	35	43	21	2025-01-08
141	31	32	22	2025-01-08
142	29	195	7	2025-01-08
143	29	7	2	2025-01-08
144	27	1474	3	2025-01-08
145	20	141	15	2025-01-08
146	19	113	6	2025-01-08
147	18	7	2	2025-01-08
148	16	47	20	2025-01-08
149	13	7	5	2025-01-08
150	12	59	18	2025-01-08
151	9	312	14	2025-01-08
152	7	941	9	2025-01-08
153	7	133	7	2025-01-08
154	6	10	5	2025-01-08
155	4	234	15	2025-01-08
156	3	552	12	2025-01-08
157	49	53	20	2025-01-09
158	48	9	2	2025-01-09
159	33	1	11	2025-01-09
160	33	6	5	2025-01-09
161	33	36	22	2025-01-09
162	28	242	4	2025-01-09
163	28	251	6	2025-01-09
164	26	265	7	2025-01-09
165	24	232	6	2025-01-09
166	22	6	5	2025-01-09
167	19	40	20	2025-01-09
168	18	3	11	2025-01-09
169	16	7	23	2025-01-09
170	14	41	26	2025-01-09
171	13	5	8	2025-01-09
172	11	7	2	2025-01-09
173	11	65	18	2025-01-09
174	5	1137	3	2025-01-09
175	48	302	14	2025-01-10
176	45	206	15	2025-01-10
177	44	4	13	2025-01-10
178	40	49	21	2025-01-10
179	37	575	10	2025-01-10
180	36	173	16	2025-01-10
181	31	210	4	2025-01-10
182	31	5	24	2025-01-10
183	29	576	12	2025-01-10
184	26	10	25	2025-01-10
185	24	4	13	2025-01-10
186	21	9	5	2025-01-10
187	18	3	24	2025-01-10
188	16	51	18	2025-01-10
189	16	84	16	2025-01-10
190	12	2245	3	2025-01-10
191	10	8	2	2025-01-10
192	9	762	10	2025-01-10
193	2	983	9	2025-01-10
194	1	186	6	2025-01-10
195	50	4	8	2025-01-11
196	49	5	11	2025-01-11
197	47	5	23	2025-01-11
198	46	6	23	2025-01-11
199	45	2	11	2025-01-11
200	43	3	11	2025-01-11
201	43	122	6	2025-01-11
202	42	209	4	2025-01-11
203	40	360	14	2025-01-11
204	36	5	23	2025-01-11
205	36	151	16	2025-01-11
206	34	35	22	2025-01-11
207	30	4	11	2025-01-11
208	25	54	20	2025-01-11
209	25	14	17	2025-01-11
210	22	1	8	2025-01-11
211	22	108	16	2025-01-11
212	22	57	20	2025-01-11
213	19	2	25	2025-01-11
214	18	73	26	2025-01-11
215	14	45	19	2025-01-11
216	13	550	12	2025-01-11
217	12	15	17	2025-01-11
218	4	225	15	2025-01-11
219	3	180	7	2025-01-11
220	1	395	14	2025-01-11
221	48	3	24	2025-01-12
222	44	5	2	2025-01-12
223	43	607	12	2025-01-12
224	36	20	22	2025-01-12
225	30	1158	9	2025-01-12
226	30	14	17	2025-01-12
227	25	2	8	2025-01-12
228	23	522	10	2025-01-12
229	17	50	19	2025-01-12
230	16	8	25	2025-01-12
231	14	671	12	2025-01-12
232	12	52	18	2025-01-12
233	4	161	15	2025-01-12
234	4	4	24	2025-01-12
235	4	370	14	2025-01-12
236	50	51	19	2025-01-13
237	46	42	20	2025-01-13
238	44	15	1	2025-01-13
239	44	8	5	2025-01-13
240	42	9	25	2025-01-13
241	40	42	19	2025-01-13
242	37	10	1	2025-01-13
243	29	125	16	2025-01-13
244	28	300	14	2025-01-13
245	20	4	11	2025-01-13
246	18	226	4	2025-01-13
247	17	250	4	2025-01-13
248	17	30	21	2025-01-13
249	15	6	24	2025-01-13
250	15	540	12	2025-01-13
251	14	927	9	2025-01-13
252	14	166	7	2025-01-13
253	9	1	13	2025-01-13
254	9	203	7	2025-01-13
255	7	66	19	2025-01-13
256	6	1292	3	2025-01-13
257	3	8	24	2025-01-13
258	3	41	20	2025-01-13
259	48	24	21	2025-01-14
260	41	301	14	2025-01-14
261	39	127	15	2025-01-14
262	39	9	23	2025-01-14
263	37	288	4	2025-01-14
264	37	222	7	2025-01-14
265	36	675	12	2025-01-14
266	33	46	19	2025-01-14
267	24	1	13	2025-01-14
268	23	1	8	2025-01-14
269	23	53	21	2025-01-14
270	19	50	19	2025-01-14
271	18	13	1	2025-01-14
272	13	1	13	2025-01-14
273	11	4	8	2025-01-14
274	10	935	9	2025-01-14
275	9	33	21	2025-01-14
276	4	15	1	2025-01-14
277	50	10	2	2025-01-15
278	48	15	17	2025-01-15
279	45	127	26	2025-01-15
280	45	990	9	2025-01-15
281	44	1548	3	2025-01-15
282	42	2352	3	2025-01-15
283	39	6	5	2025-01-15
284	38	65	19	2025-01-15
285	36	10	1	2025-01-15
286	36	3	13	2025-01-15
287	35	242	4	2025-01-15
288	35	249	4	2025-01-15
289	35	1587	3	2025-01-15
290	33	46	18	2025-01-15
291	29	55	20	2025-01-15
292	29	111	26	2025-01-15
293	29	249	4	2025-01-15
294	25	54	20	2025-01-15
295	20	4	5	2025-01-15
296	17	261	6	2025-01-15
297	10	2	8	2025-01-15
298	9	12	17	2025-01-15
299	6	41	22	2025-01-15
300	2	417	14	2025-01-15
301	50	44	19	2025-01-16
302	48	2171	3	2025-01-16
303	45	78	26	2025-01-16
304	44	205	15	2025-01-16
305	44	60	19	2025-01-16
306	43	8	5	2025-01-16
307	42	171	16	2025-01-16
308	37	102	15	2025-01-16
309	36	6	25	2025-01-16
310	34	4	24	2025-01-16
311	32	61	18	2025-01-16
312	28	2	11	2025-01-16
313	28	1002	9	2025-01-16
314	26	231	15	2025-01-16
315	25	641	12	2025-01-16
316	19	100	6	2025-01-16
317	13	48	20	2025-01-16
318	13	6	5	2025-01-16
319	11	28	22	2025-01-16
320	9	44	26	2025-01-16
321	6	1152	9	2025-01-16
322	6	7	5	2025-01-16
323	5	1	13	2025-01-16
324	5	224	6	2025-01-16
325	3	12	1	2025-01-16
326	1	42	22	2025-01-16
327	50	15	1	2025-01-17
328	49	135	6	2025-01-17
329	44	133	16	2025-01-17
330	43	28	21	2025-01-17
331	39	15	17	2025-01-17
332	38	2154	3	2025-01-17
333	35	144	26	2025-01-17
334	31	366	14	2025-01-17
335	27	47	19	2025-01-17
336	26	2	13	2025-01-17
337	23	376	14	2025-01-17
338	23	70	18	2025-01-17
339	19	4	13	2025-01-17
340	15	221	15	2025-01-17
341	12	6	8	2025-01-17
342	10	113	15	2025-01-17
343	5	179	16	2025-01-17
344	49	190	15	2025-01-18
345	42	14	17	2025-01-18
346	40	1650	3	2025-01-18
347	34	49	19	2025-01-18
348	32	257	7	2025-01-18
349	32	51	20	2025-01-18
350	31	117	16	2025-01-18
351	30	122	16	2025-01-18
352	26	3	13	2025-01-18
353	24	41	19	2025-01-18
354	23	526	10	2025-01-18
355	23	13	17	2025-01-18
356	22	1	11	2025-01-18
357	20	28	22	2025-01-18
358	18	9	23	2025-01-18
359	15	50	20	2025-01-18
360	14	7	5	2025-01-18
361	11	1009	9	2025-01-18
362	10	10	1	2025-01-18
363	9	45	18	2025-01-18
364	9	82	16	2025-01-18
365	9	6	8	2025-01-18
366	50	224	6	2025-01-19
367	48	5	2	2025-01-19
368	47	199	15	2025-01-19
369	46	13	17	2025-01-19
370	43	3	13	2025-01-19
371	42	10	25	2025-01-19
372	37	231	7	2025-01-19
373	36	9	23	2025-01-19
374	35	4	5	2025-01-19
375	30	89	26	2025-01-19
376	28	43	20	2025-01-19
377	28	70	18	2025-01-19
378	24	4	8	2025-01-19
379	17	12	1	2025-01-19
380	14	4	8	2025-01-19
381	12	6	8	2025-01-19
382	10	300	4	2025-01-19
383	9	9	23	2025-01-19
384	5	2250	3	2025-01-19
385	1	8	24	2025-01-19
386	47	9	5	2025-01-20
387	34	208	15	2025-01-20
388	33	263	7	2025-01-20
389	30	191	7	2025-01-20
390	29	149	26	2025-01-20
391	24	37	21	2025-01-20
392	23	62	18	2025-01-20
393	16	6	2	2025-01-20
394	15	4	5	2025-01-20
395	13	315	14	2025-01-20
396	10	5	2	2025-01-20
397	9	364	14	2025-01-20
398	9	4	24	2025-01-20
399	8	27	21	2025-01-20
400	7	152	16	2025-01-20
401	7	8	2	2025-01-20
402	5	58	18	2025-01-20
403	3	577	10	2025-01-20
404	1	64	19	2025-01-20
405	49	2388	3	2025-01-21
406	48	55	19	2025-01-21
407	46	130	26	2025-01-21
408	42	125	26	2025-01-21
409	42	190	15	2025-01-21
410	37	7	24	2025-01-21
411	36	22	22	2025-01-21
412	33	563	10	2025-01-21
413	30	8	23	2025-01-21
414	29	598	12	2025-01-21
415	28	223	6	2025-01-21
416	23	638	10	2025-01-21
417	19	7	2	2025-01-21
418	18	609	10	2025-01-21
419	4	6	25	2025-01-21
420	49	68	18	2025-01-22
421	49	2	13	2025-01-22
422	40	1092	9	2025-01-22
423	38	4	8	2025-01-22
424	32	519	10	2025-01-22
425	29	6	5	2025-01-22
426	28	10	1	2025-01-22
427	27	315	14	2025-01-22
428	21	258	4	2025-01-22
429	15	8	5	2025-01-22
430	7	44	18	2025-01-22
431	1	55	19	2025-01-22
432	49	127	6	2025-01-23
433	48	9	23	2025-01-23
434	47	2	13	2025-01-23
435	44	62	19	2025-01-23
436	42	10	25	2025-01-23
437	42	387	14	2025-01-23
438	41	136	15	2025-01-23
439	37	27	22	2025-01-23
440	29	1493	3	2025-01-23
441	29	1714	3	2025-01-23
442	25	4	13	2025-01-23
443	15	10	2	2025-01-23
444	14	229	6	2025-01-23
445	13	5	2	2025-01-23
446	6	209	15	2025-01-23
447	50	118	6	2025-01-24
448	48	222	15	2025-01-24
449	46	165	16	2025-01-24
450	45	303	14	2025-01-24
451	39	93	16	2025-01-24
452	36	60	19	2025-01-24
453	34	201	4	2025-01-24
454	33	320	14	2025-01-24
455	30	53	20	2025-01-24
456	29	54	18	2025-01-24
457	24	21	22	2025-01-24
458	23	11	1	2025-01-24
459	15	6	2	2025-01-24
460	12	144	7	2025-01-24
461	11	32	22	2025-01-24
462	11	15	1	2025-01-24
463	11	10	1	2025-01-24
464	9	574	12	2025-01-24
465	7	1367	3	2025-01-24
466	7	265	4	2025-01-24
467	5	580	12	2025-01-24
468	1	127	7	2025-01-24
469	1	54	20	2025-01-24
470	47	47	21	2025-01-25
471	46	66	18	2025-01-25
472	38	1	25	2025-01-25
473	32	3	25	2025-01-25
474	24	4	8	2025-01-25
475	20	42	21	2025-01-25
476	15	641	10	2025-01-25
477	13	6	8	2025-01-25
478	12	9	24	2025-01-25
479	11	9	23	2025-01-25
480	6	1	11	2025-01-25
481	6	396	14	2025-01-25
482	5	90	16	2025-01-25
483	4	163	16	2025-01-25
484	4	10	17	2025-01-25
485	49	987	9	2025-01-26
486	48	606	12	2025-01-26
487	48	408	14	2025-01-26
488	44	21	21	2025-01-26
489	40	58	21	2025-01-26
490	39	6	25	2025-01-26
491	39	103	15	2025-01-26
492	33	6	8	2025-01-26
493	32	14	1	2025-01-26
494	31	61	18	2025-01-26
495	24	162	7	2025-01-26
496	18	234	6	2025-01-26
497	16	968	9	2025-01-26
498	16	201	4	2025-01-26
499	13	146	7	2025-01-26
500	8	659	12	2025-01-26
501	7	675	10	2025-01-26
502	4	26	21	2025-01-26
503	50	5	11	2025-01-27
504	42	221	7	2025-01-27
505	42	1038	9	2025-01-27
506	41	643	10	2025-01-27
507	38	107	16	2025-01-27
508	37	14	17	2025-01-27
509	35	567	12	2025-01-27
510	35	7	25	2025-01-27
511	35	9	2	2025-01-27
512	33	575	12	2025-01-27
513	28	57	21	2025-01-27
514	28	40	22	2025-01-27
515	24	103	16	2025-01-27
516	20	4	8	2025-01-27
517	19	26	22	2025-01-27
518	17	5	23	2025-01-27
519	13	12	1	2025-01-27
520	11	159	26	2025-01-27
521	7	2284	3	2025-01-27
522	7	3	24	2025-01-27
523	6	34	22	2025-01-27
524	4	9	24	2025-01-27
525	1	8	25	2025-01-27
526	50	40	20	2025-01-28
527	43	58	21	2025-01-28
528	42	601	10	2025-01-28
529	42	8	24	2025-01-28
530	41	1	13	2025-01-28
531	40	7	25	2025-01-28
532	38	6	23	2025-01-28
533	38	251	4	2025-01-28
534	36	637	12	2025-01-28
535	32	4	13	2025-01-28
536	32	5	2	2025-01-28
537	29	373	14	2025-01-28
538	26	42	21	2025-01-28
539	24	10	23	2025-01-28
540	18	3	24	2025-01-28
541	14	7	25	2025-01-28
542	12	4	2	2025-01-28
543	9	1756	3	2025-01-28
544	8	146	6	2025-01-28
545	50	113	15	2025-01-29
546	47	639	12	2025-01-29
547	46	10	2	2025-01-29
548	45	7	23	2025-01-29
549	44	591	12	2025-01-29
550	42	11	17	2025-01-29
551	40	4	24	2025-01-29
552	40	4	11	2025-01-29
553	40	131	15	2025-01-29
554	37	2377	3	2025-01-29
555	33	8	2	2025-01-29
556	32	9	24	2025-01-29
557	32	124	16	2025-01-29
558	31	33	22	2025-01-29
559	28	105	15	2025-01-29
560	25	1	13	2025-01-29
561	25	56	18	2025-01-29
562	24	9	2	2025-01-29
563	24	9	5	2025-01-29
564	22	5	24	2025-01-29
565	22	54	21	2025-01-29
566	16	523	10	2025-01-29
567	15	202	6	2025-01-29
568	14	10	23	2025-01-29
569	12	132	15	2025-01-29
570	7	8	23	2025-01-29
571	7	153	16	2025-01-29
572	48	42	20	2025-01-30
573	47	8	24	2025-01-30
574	43	213	6	2025-01-30
575	43	8	23	2025-01-30
576	42	3	8	2025-01-30
577	40	231	6	2025-01-30
578	40	4	2	2025-01-30
579	29	28	22	2025-01-30
580	28	8	23	2025-01-30
581	26	9	5	2025-01-30
582	18	53	20	2025-01-30
583	15	285	4	2025-01-30
584	15	12	1	2025-01-30
585	13	20	21	2025-01-30
586	12	87	16	2025-01-30
587	8	57	21	2025-01-30
588	3	2	8	2025-01-30
589	49	376	14	2025-01-31
590	48	47	19	2025-01-31
591	44	608	10	2025-01-31
592	39	3	8	2025-01-31
593	37	10	1	2025-01-31
594	32	306	14	2025-01-31
595	27	1793	3	2025-01-31
596	26	11	17	2025-01-31
597	23	313	14	2025-01-31
598	19	553	10	2025-01-31
599	16	15	1	2025-01-31
600	15	9	2	2025-01-31
601	5	2	8	2025-01-31
602	3	272	4	2025-01-31
603	47	4	8	2025-02-01
604	44	245	4	2025-02-01
605	41	942	9	2025-02-01
606	38	2129	3	2025-02-01
607	32	5	2	2025-02-01
608	28	5	23	2025-02-01
609	27	264	6	2025-02-01
610	27	345	14	2025-02-01
611	24	12	1	2025-02-01
612	24	15	17	2025-02-01
613	23	4	8	2025-02-01
614	21	237	6	2025-02-01
615	21	974	9	2025-02-01
616	19	40	18	2025-02-01
617	18	10	17	2025-02-01
618	15	318	14	2025-02-01
619	14	351	14	2025-02-01
620	14	1061	9	2025-02-01
621	11	128	15	2025-02-01
622	10	125	7	2025-02-01
623	9	53	21	2025-02-01
624	9	974	9	2025-02-01
625	4	156	15	2025-02-01
626	50	239	4	2025-02-02
627	50	53	20	2025-02-02
628	48	115	26	2025-02-02
629	46	8	5	2025-02-02
630	45	50	20	2025-02-02
631	44	327	14	2025-02-02
632	43	273	4	2025-02-02
633	41	634	12	2025-02-02
634	35	1972	3	2025-02-02
635	27	425	14	2025-02-02
636	26	50	20	2025-02-02
637	26	40	22	2025-02-02
638	26	3	24	2025-02-02
639	24	1124	9	2025-02-02
640	50	61	19	2025-02-03
641	45	254	6	2025-02-03
642	44	37	22	2025-02-03
643	40	11	1	2025-02-03
644	40	2	11	2025-02-03
645	39	1518	3	2025-02-03
646	32	4	5	2025-02-03
647	29	4	8	2025-02-03
648	27	6	23	2025-02-03
649	13	7	5	2025-02-03
650	10	10	2	2025-02-03
651	4	81	16	2025-02-03
652	49	48	21	2025-02-04
653	48	113	16	2025-02-04
654	41	10	17	2025-02-04
655	36	221	15	2025-02-04
656	35	2323	3	2025-02-04
657	34	171	16	2025-02-04
658	34	109	7	2025-02-04
659	33	503	10	2025-02-04
660	32	9	5	2025-02-04
661	32	135	7	2025-02-04
662	26	2042	3	2025-02-04
663	25	3	24	2025-02-04
664	24	5	11	2025-02-04
665	21	110	16	2025-02-04
666	20	1085	9	2025-02-04
667	19	4	2	2025-02-04
668	14	10	5	2025-02-04
669	12	11	1	2025-02-04
670	10	9	25	2025-02-04
671	7	1	13	2025-02-04
672	5	12	1	2025-02-04
673	45	231	4	2025-02-05
674	42	761	10	2025-02-05
675	40	973	9	2025-02-05
676	39	6	23	2025-02-05
677	39	732	10	2025-02-05
678	39	5	2	2025-02-05
679	34	179	16	2025-02-05
680	30	331	14	2025-02-05
681	27	10	25	2025-02-05
682	23	42	19	2025-02-05
683	13	10	1	2025-02-05
684	11	9	5	2025-02-05
685	10	44	19	2025-02-05
686	10	75	26	2025-02-05
687	8	6	23	2025-02-05
688	7	148	16	2025-02-05
689	4	4	24	2025-02-05
690	3	54	18	2025-02-05
691	3	6	8	2025-02-05
692	50	991	9	2025-02-06
693	43	40	21	2025-02-06
694	42	1	11	2025-02-06
695	38	159	6	2025-02-06
696	38	3	13	2025-02-06
697	37	10	1	2025-02-06
698	36	144	15	2025-02-06
699	32	53	19	2025-02-06
700	32	378	14	2025-02-06
701	24	59	18	2025-02-06
702	20	91	26	2025-02-06
703	14	364	14	2025-02-06
704	13	70	26	2025-02-06
705	7	669	12	2025-02-06
706	6	325	14	2025-02-06
707	5	131	26	2025-02-06
708	3	8	23	2025-02-06
709	1	1174	3	2025-02-06
710	50	101	15	2025-02-07
711	48	12	1	2025-02-07
712	47	10	2	2025-02-07
713	30	61	18	2025-02-07
714	29	13	17	2025-02-07
715	18	70	18	2025-02-07
716	15	4	2	2025-02-07
717	15	226	6	2025-02-07
718	13	1	8	2025-02-07
719	9	11	1	2025-02-07
720	7	6	24	2025-02-07
721	5	7	5	2025-02-07
722	5	120	26	2025-02-07
723	45	51	19	2025-02-08
724	40	102	16	2025-02-08
725	39	4	11	2025-02-08
726	38	56	19	2025-02-08
727	35	51	20	2025-02-08
728	33	9	23	2025-02-08
729	32	1022	3	2025-02-08
730	31	299	4	2025-02-08
731	28	4	25	2025-02-08
732	27	141	16	2025-02-08
733	25	1	11	2025-02-08
734	13	1	11	2025-02-08
735	11	1297	3	2025-02-08
736	9	1116	9	2025-02-08
737	8	1819	3	2025-02-08
738	8	9	25	2025-02-08
739	5	150	26	2025-02-08
740	49	1056	9	2025-02-09
741	44	5	23	2025-02-09
742	42	1164	3	2025-02-09
743	42	4	5	2025-02-09
744	39	752	10	2025-02-09
745	39	52	19	2025-02-09
746	39	27	22	2025-02-09
747	34	33	21	2025-02-09
748	31	9	25	2025-02-09
749	28	934	9	2025-02-09
750	26	4	25	2025-02-09
751	20	186	15	2025-02-09
752	14	66	18	2025-02-09
753	12	56	19	2025-02-09
754	7	126	7	2025-02-09
755	1	27	21	2025-02-09
756	47	7	24	2025-02-10
757	43	203	7	2025-02-10
758	41	211	15	2025-02-10
759	39	9	5	2025-02-10
760	32	51	20	2025-02-10
761	31	20	21	2025-02-10
762	28	920	9	2025-02-10
763	28	2	13	2025-02-10
764	27	57	20	2025-02-10
765	26	39	21	2025-02-10
766	26	755	10	2025-02-10
767	25	339	14	2025-02-10
768	24	7	23	2025-02-10
769	23	1029	9	2025-02-10
770	20	34	21	2025-02-10
771	18	49	19	2025-02-10
772	18	647	12	2025-02-10
773	12	1189	3	2025-02-10
774	11	7	24	2025-02-10
775	7	190	7	2025-02-10
776	4	1	8	2025-02-10
777	50	121	6	2025-02-11
778	48	1123	9	2025-02-11
779	46	11	17	2025-02-11
780	30	233	4	2025-02-11
781	29	3	11	2025-02-11
782	25	8	23	2025-02-11
783	20	86	16	2025-02-11
784	16	5	5	2025-02-11
785	13	301	14	2025-02-11
786	12	6	5	2025-02-11
787	12	42	21	2025-02-11
788	2	4	11	2025-02-11
789	48	343	14	2025-02-12
790	48	7	24	2025-02-12
791	42	61	19	2025-02-12
792	41	49	20	2025-02-12
793	38	5	23	2025-02-12
794	38	4	13	2025-02-12
795	37	6	2	2025-02-12
796	28	8	25	2025-02-12
797	26	1	11	2025-02-12
798	24	43	18	2025-02-12
799	17	2	25	2025-02-12
800	14	219	6	2025-02-12
801	13	201	6	2025-02-12
802	11	1471	3	2025-02-12
803	8	48	20	2025-02-12
804	2	49	20	2025-02-12
805	1	50	21	2025-02-12
806	1	640	12	2025-02-12
807	50	3	13	2025-02-13
808	50	115	16	2025-02-13
809	50	101	15	2025-02-13
810	49	234	15	2025-02-13
811	48	9	25	2025-02-13
812	45	1864	3	2025-02-13
813	43	718	10	2025-02-13
814	41	40	21	2025-02-13
815	35	9	24	2025-02-13
816	34	5	2	2025-02-13
817	32	2276	3	2025-02-13
818	32	8	2	2025-02-13
819	30	657	12	2025-02-13
820	26	533	10	2025-02-13
821	25	217	7	2025-02-13
822	24	1	13	2025-02-13
823	22	14	1	2025-02-13
824	17	296	4	2025-02-13
825	14	6	23	2025-02-13
826	9	6	24	2025-02-13
827	8	14	1	2025-02-13
828	7	56	19	2025-02-13
829	5	170	6	2025-02-13
830	50	53	26	2025-02-14
831	46	5	23	2025-02-14
832	43	8	23	2025-02-14
833	43	25	21	2025-02-14
834	43	109	16	2025-02-14
835	38	362	14	2025-02-14
836	33	2	25	2025-02-14
837	32	5	5	2025-02-14
838	30	11	17	2025-02-14
839	28	31	22	2025-02-14
840	25	8	2	2025-02-14
841	22	44	18	2025-02-14
842	20	12	17	2025-02-14
843	18	175	15	2025-02-14
844	15	109	16	2025-02-14
845	14	236	6	2025-02-14
846	11	782	10	2025-02-14
847	10	559	12	2025-02-14
848	50	1	8	2025-02-15
849	50	14	1	2025-02-15
850	49	159	26	2025-02-15
851	47	20	22	2025-02-15
852	44	152	6	2025-02-15
853	42	5	11	2025-02-15
854	41	4	13	2025-02-15
855	39	120	16	2025-02-15
856	39	3	24	2025-02-15
857	35	225	7	2025-02-15
858	33	10	25	2025-02-15
859	33	1883	3	2025-02-15
860	29	7	24	2025-02-15
861	21	3	11	2025-02-15
862	19	5	23	2025-02-15
863	16	1677	3	2025-02-15
864	15	4	24	2025-02-15
865	13	46	18	2025-02-15
866	9	54	20	2025-02-15
867	9	11	1	2025-02-15
868	8	145	16	2025-02-15
869	6	4	8	2025-02-15
870	6	51	26	2025-02-15
871	5	12	1	2025-02-15
872	4	3	13	2025-02-15
873	49	525	12	2025-02-16
874	45	12	17	2025-02-16
875	41	60	18	2025-02-16
876	35	6	24	2025-02-16
877	35	12	1	2025-02-16
878	33	48	26	2025-02-16
879	26	6	25	2025-02-16
880	23	11	1	2025-02-16
881	23	948	9	2025-02-16
882	21	8	23	2025-02-16
883	20	7	23	2025-02-16
884	18	954	9	2025-02-16
885	17	2	11	2025-02-16
886	11	31	21	2025-02-16
887	10	567	12	2025-02-16
888	4	10	17	2025-02-16
889	3	262	6	2025-02-16
890	1	376	14	2025-02-16
891	46	45	18	2025-02-17
892	43	42	21	2025-02-17
893	43	9	23	2025-02-17
894	41	50	20	2025-02-17
895	34	634	12	2025-02-17
896	34	253	4	2025-02-17
897	33	5	11	2025-02-17
898	25	47	26	2025-02-17
899	25	35	22	2025-02-17
900	24	8	23	2025-02-17
901	22	5	25	2025-02-17
902	20	20	21	2025-02-17
903	19	38	21	2025-02-17
904	16	392	14	2025-02-17
905	13	159	6	2025-02-17
906	13	113	26	2025-02-17
907	9	338	14	2025-02-17
908	8	6	23	2025-02-17
909	5	3	25	2025-02-17
910	50	24	22	2025-02-18
911	49	58	21	2025-02-18
912	49	322	14	2025-02-18
913	49	34	22	2025-02-18
914	39	156	26	2025-02-18
915	38	1	11	2025-02-18
916	38	33	22	2025-02-18
917	35	106	16	2025-02-18
918	34	10	17	2025-02-18
919	31	158	16	2025-02-18
920	28	1	8	2025-02-18
921	28	34	22	2025-02-18
922	21	223	4	2025-02-18
923	21	56	18	2025-02-18
924	20	7	5	2025-02-18
925	19	51	20	2025-02-18
926	9	9	25	2025-02-18
927	48	8	25	2025-02-19
928	46	697	10	2025-02-19
929	44	52	18	2025-02-19
930	41	2307	3	2025-02-19
931	41	4	2	2025-02-19
932	41	44	21	2025-02-19
933	37	7	25	2025-02-19
934	36	55	20	2025-02-19
935	32	14	1	2025-02-19
936	29	7	2	2025-02-19
937	27	127	15	2025-02-19
938	26	4	25	2025-02-19
939	23	5	11	2025-02-19
940	17	197	6	2025-02-19
941	14	40	20	2025-02-19
942	13	12	17	2025-02-19
943	10	2	8	2025-02-19
944	3	2	11	2025-02-19
945	3	15	17	2025-02-19
946	49	308	14	2025-02-20
947	47	33	22	2025-02-20
948	47	22	21	2025-02-20
949	46	981	9	2025-02-20
950	40	46	19	2025-02-20
951	29	116	26	2025-02-20
952	28	307	4	2025-02-20
953	27	4	24	2025-02-20
954	27	1592	3	2025-02-20
955	26	104	16	2025-02-20
956	20	29	21	2025-02-20
957	20	231	7	2025-02-20
958	10	120	16	2025-02-20
959	7	14	17	2025-02-20
960	3	3	24	2025-02-20
961	1	4	5	2025-02-20
962	49	6	2	2025-02-21
963	47	97	26	2025-02-21
964	44	6	23	2025-02-21
965	38	707	10	2025-02-21
966	38	7	24	2025-02-21
967	37	404	14	2025-02-21
968	36	164	15	2025-02-21
969	35	379	14	2025-02-21
970	31	2	11	2025-02-21
971	26	1	25	2025-02-21
972	24	164	15	2025-02-21
973	17	6	5	2025-02-21
974	15	40	22	2025-02-21
975	11	141	6	2025-02-21
976	10	32	21	2025-02-21
977	8	23	22	2025-02-21
978	6	8	24	2025-02-21
979	5	541	12	2025-02-21
980	5	265	4	2025-02-21
981	2	8	25	2025-02-21
982	46	180	15	2025-02-22
983	46	392	14	2025-02-22
984	46	11	1	2025-02-22
985	42	8	25	2025-02-22
986	41	116	26	2025-02-22
987	40	46	19	2025-02-22
988	24	576	10	2025-02-22
989	21	52	18	2025-02-22
990	13	1544	3	2025-02-22
991	10	42	20	2025-02-22
992	7	790	10	2025-02-22
993	5	104	16	2025-02-22
994	4	258	7	2025-02-22
995	3	165	15	2025-02-22
996	2	49	26	2025-02-22
997	43	9	24	2025-02-23
998	42	48	19	2025-02-23
999	36	4	13	2025-02-23
1000	33	3	13	2025-02-23
1001	33	152	15	2025-02-23
1002	31	187	6	2025-02-23
1003	29	552	10	2025-02-23
1004	29	303	4	2025-02-23
1005	25	7	24	2025-02-23
1006	23	930	9	2025-02-23
1007	21	10	5	2025-02-23
1008	17	8	2	2025-02-23
1009	17	684	12	2025-02-23
1010	7	3	11	2025-02-23
1011	7	3	11	2025-02-23
1012	3	100	16	2025-02-23
1013	2	640	10	2025-02-23
1014	2	30	22	2025-02-23
1015	2	41	18	2025-02-23
1016	47	163	6	2025-02-24
1017	45	10	17	2025-02-24
1018	45	287	4	2025-02-24
1019	44	13	1	2025-02-24
1020	43	15	1	2025-02-24
1021	40	6	25	2025-02-24
1022	40	40	20	2025-02-24
1023	39	9	2	2025-02-24
1024	39	592	12	2025-02-24
1025	37	4	11	2025-02-24
1026	36	931	9	2025-02-24
1027	30	116	6	2025-02-24
1028	30	903	9	2025-02-24
1029	28	1043	9	2025-02-24
1030	26	153	15	2025-02-24
1031	24	4	24	2025-02-24
1032	24	5	11	2025-02-24
1033	22	156	15	2025-02-24
1034	19	4	8	2025-02-24
1035	19	1	13	2025-02-24
1036	16	5	24	2025-02-24
1037	7	1	11	2025-02-24
1038	4	5	11	2025-02-24
1039	3	9	2	2025-02-24
1040	50	323	14	2025-02-25
1041	50	624	12	2025-02-25
1042	49	263	4	2025-02-25
1043	46	2223	3	2025-02-25
1044	46	264	4	2025-02-25
1045	41	760	10	2025-02-25
1046	33	57	20	2025-02-25
1047	33	165	7	2025-02-25
1048	31	4	11	2025-02-25
1049	26	54	20	2025-02-25
1050	25	13	17	2025-02-25
1051	24	2266	3	2025-02-25
1052	24	412	14	2025-02-25
1053	23	275	4	2025-02-25
1054	18	4	13	2025-02-25
1055	11	749	10	2025-02-25
1056	10	43	20	2025-02-25
1057	9	91	26	2025-02-25
1058	7	65	19	2025-02-25
1059	6	133	6	2025-02-25
1060	2	38	22	2025-02-25
1061	50	2	13	2025-02-26
1062	46	1063	9	2025-02-26
1063	44	5	8	2025-02-26
1064	39	24	21	2025-02-26
1065	37	64	18	2025-02-26
1066	37	2	13	2025-02-26
1067	36	119	16	2025-02-26
1068	32	6	23	2025-02-26
1069	27	238	4	2025-02-26
1070	27	356	14	2025-02-26
1071	22	190	7	2025-02-26
1072	18	70	26	2025-02-26
1073	14	548	12	2025-02-26
1074	4	1660	3	2025-02-26
1075	48	7	2	2025-02-27
1076	47	570	12	2025-02-27
1077	46	10	23	2025-02-27
1078	45	46	21	2025-02-27
1079	44	1	11	2025-02-27
1080	40	121	15	2025-02-27
1081	38	21	22	2025-02-27
1082	36	195	7	2025-02-27
1083	35	1	11	2025-02-27
1084	34	1879	3	2025-02-27
1085	34	102	15	2025-02-27
1086	27	37	22	2025-02-27
1087	27	56	19	2025-02-27
1088	27	153	26	2025-02-27
1089	26	1130	9	2025-02-27
1090	25	2140	3	2025-02-27
1091	23	989	9	2025-02-27
1092	15	255	6	2025-02-27
1093	15	61	18	2025-02-27
1094	11	6	2	2025-02-27
1095	10	7	23	2025-02-27
1096	8	3	11	2025-02-27
1097	5	3	13	2025-02-27
1098	4	170	7	2025-02-27
1099	47	4	24	2025-02-28
1100	44	2271	3	2025-02-28
1101	44	40	19	2025-02-28
1102	42	66	19	2025-02-28
1103	41	169	15	2025-02-28
1104	41	5	11	2025-02-28
1105	39	1	13	2025-02-28
1106	36	141	26	2025-02-28
1107	29	122	16	2025-02-28
1108	29	151	7	2025-02-28
1109	29	14	1	2025-02-28
1110	28	4	13	2025-02-28
1111	24	263	4	2025-02-28
1112	23	300	14	2025-02-28
1113	22	137	6	2025-02-28
1114	21	8	23	2025-02-28
1115	18	138	26	2025-02-28
1116	11	3	13	2025-02-28
1117	10	7	24	2025-02-28
1118	10	44	19	2025-02-28
1119	9	339	14	2025-02-28
1120	8	10	23	2025-02-28
1121	5	2	11	2025-02-28
1122	3	6	2	2025-02-28
1123	48	1757	3	2025-03-01
1124	48	5	11	2025-03-01
1125	47	9	2	2025-03-01
1126	46	1701	3	2025-03-01
1127	44	239	4	2025-03-01
1128	43	123	7	2025-03-01
1129	42	13	1	2025-03-01
1130	41	6	23	2025-03-01
1131	41	219	15	2025-03-01
1132	40	142	26	2025-03-01
1133	39	5	25	2025-03-01
1134	36	1	8	2025-03-01
1135	33	5	23	2025-03-01
1136	29	160	26	2025-03-01
1137	22	2	11	2025-03-01
1138	21	4	2	2025-03-01
1139	20	66	18	2025-03-01
1140	20	1124	9	2025-03-01
1141	17	5	2	2025-03-01
1142	14	49	20	2025-03-01
1143	12	2	25	2025-03-01
1144	10	2	13	2025-03-01
1145	10	203	15	2025-03-01
1146	8	526	10	2025-03-01
1147	5	1058	9	2025-03-01
1148	2	13	17	2025-03-01
1149	1	2	25	2025-03-01
1150	1	680	10	2025-03-01
1151	43	58	18	2025-03-02
1152	34	31	22	2025-03-02
1153	34	42	21	2025-03-02
1154	32	35	22	2025-03-02
1155	30	10	17	2025-03-02
1156	30	8	24	2025-03-02
1157	28	8	25	2025-03-02
1158	26	57	18	2025-03-02
1159	23	607	10	2025-03-02
1160	22	10	23	2025-03-02
1161	15	42	21	2025-03-02
1162	15	57	20	2025-03-02
1163	13	24	22	2025-03-02
1164	12	50	26	2025-03-02
1165	10	662	10	2025-03-02
1166	8	129	6	2025-03-02
1167	2	27	22	2025-03-02
1168	50	740	10	2025-03-03
1169	42	15	1	2025-03-03
1170	41	41	22	2025-03-03
1171	39	54	26	2025-03-03
1172	32	7	25	2025-03-03
1173	30	83	26	2025-03-03
1174	28	8	5	2025-03-03
1175	27	642	12	2025-03-03
1176	26	10	1	2025-03-03
1177	22	46	20	2025-03-03
1178	21	163	15	2025-03-03
1179	19	7	25	2025-03-03
1180	18	273	4	2025-03-03
1181	16	234	4	2025-03-03
1182	15	2	11	2025-03-03
1183	12	57	20	2025-03-03
1184	10	129	7	2025-03-03
1185	9	9	23	2025-03-03
1186	6	12	1	2025-03-03
1187	4	5	23	2025-03-03
1188	49	1	13	2025-03-04
1189	49	31	22	2025-03-04
1190	43	53	19	2025-03-04
1191	41	1	11	2025-03-04
1192	35	300	4	2025-03-04
1193	32	915	9	2025-03-04
1194	28	1359	3	2025-03-04
1195	24	38	21	2025-03-04
1196	23	9	24	2025-03-04
1197	19	1	8	2025-03-04
1198	17	720	10	2025-03-04
1199	17	1276	3	2025-03-04
1200	16	35	21	2025-03-04
1201	13	7	2	2025-03-04
1202	11	13	17	2025-03-04
1203	11	238	6	2025-03-04
1204	9	85	16	2025-03-04
1205	8	114	26	2025-03-04
1206	7	391	14	2025-03-04
1207	5	3	11	2025-03-04
1208	5	258	6	2025-03-04
1209	4	1187	9	2025-03-04
1210	1	4	11	2025-03-04
1211	49	361	14	2025-03-05
1212	46	52	19	2025-03-05
1213	46	187	15	2025-03-05
1214	43	51	20	2025-03-05
1215	31	13	1	2025-03-05
1216	31	115	26	2025-03-05
1217	24	13	17	2025-03-05
1218	21	782	10	2025-03-05
1219	20	986	9	2025-03-05
1220	18	638	12	2025-03-05
1221	17	3	11	2025-03-05
1222	14	6	24	2025-03-05
1223	13	6	24	2025-03-05
1224	13	79	26	2025-03-05
1225	12	399	14	2025-03-05
1226	8	307	14	2025-03-05
1227	4	15	17	2025-03-05
1228	4	296	4	2025-03-05
1229	4	108	16	2025-03-05
1230	2	47	18	2025-03-05
1231	1	2	11	2025-03-05
1232	48	12	1	2025-03-06
1233	48	210	4	2025-03-06
1234	47	168	7	2025-03-06
1235	42	286	4	2025-03-06
1236	37	10	17	2025-03-06
1237	34	4	8	2025-03-06
1238	33	143	26	2025-03-06
1239	32	135	26	2025-03-06
1240	27	152	15	2025-03-06
1241	16	92	16	2025-03-06
1242	7	14	17	2025-03-06
1243	5	660	12	2025-03-06
1244	5	2205	3	2025-03-06
1245	50	1	11	2025-03-07
1246	49	4	11	2025-03-07
1247	46	5	25	2025-03-07
1248	45	10	17	2025-03-07
1249	42	10	25	2025-03-07
1250	41	54	19	2025-03-07
1251	41	14	17	2025-03-07
1252	41	171	16	2025-03-07
1253	40	64	18	2025-03-07
1254	38	46	18	2025-03-07
1255	30	12	17	2025-03-07
1256	25	179	6	2025-03-07
1257	25	283	4	2025-03-07
1258	22	555	12	2025-03-07
1259	21	2	13	2025-03-07
1260	20	139	15	2025-03-07
1261	14	59	19	2025-03-07
1262	11	6	5	2025-03-07
1263	10	12	1	2025-03-07
1264	10	103	7	2025-03-07
1265	8	6	25	2025-03-07
1266	6	5	2	2025-03-07
1267	44	403	14	2025-03-08
1268	41	50	18	2025-03-08
1269	32	39	22	2025-03-08
1270	31	7	24	2025-03-08
1271	31	2	25	2025-03-08
1272	29	14	17	2025-03-08
1273	29	229	6	2025-03-08
1274	29	43	18	2025-03-08
1275	27	5	2	2025-03-08
1276	26	170	16	2025-03-08
1277	25	257	4	2025-03-08
1278	24	12	1	2025-03-08
1279	23	2	11	2025-03-08
1280	22	1015	9	2025-03-08
1281	22	150	6	2025-03-08
1282	19	98	16	2025-03-08
1283	17	3	13	2025-03-08
1284	13	8	24	2025-03-08
1285	11	167	15	2025-03-08
1286	3	6	24	2025-03-08
1287	1	54	26	2025-03-08
1288	1	140	16	2025-03-08
1289	50	623	12	2025-03-09
1290	50	6	24	2025-03-09
1291	49	12	17	2025-03-09
1292	38	136	26	2025-03-09
1293	36	4	8	2025-03-09
1294	32	10	25	2025-03-09
1295	30	51	20	2025-03-09
1296	25	51	18	2025-03-09
1297	25	279	4	2025-03-09
1298	18	65	18	2025-03-09
1299	17	31	21	2025-03-09
1300	15	241	7	2025-03-09
1301	12	40	22	2025-03-09
1302	9	4	8	2025-03-09
1303	9	1	13	2025-03-09
1304	7	6	23	2025-03-09
1305	1	2308	3	2025-03-09
1306	49	3	8	2025-03-10
1307	48	599	12	2025-03-10
1308	46	8	2	2025-03-10
1309	46	1	13	2025-03-10
1310	41	54	21	2025-03-10
1311	38	26	21	2025-03-10
1312	37	5	8	2025-03-10
1313	30	260	4	2025-03-10
1314	27	202	15	2025-03-10
1315	25	7	2	2025-03-10
1316	23	4	11	2025-03-10
1317	21	136	15	2025-03-10
1318	20	1	11	2025-03-10
1319	18	52	19	2025-03-10
1320	10	1	8	2025-03-10
1321	7	116	15	2025-03-10
1322	5	10	1	2025-03-10
1323	48	15	17	2025-03-11
1324	36	8	24	2025-03-11
1325	27	167	15	2025-03-11
1326	27	10	5	2025-03-11
1327	25	45	19	2025-03-11
1328	24	5	24	2025-03-11
1329	23	231	4	2025-03-11
1330	16	152	16	2025-03-11
1331	10	184	16	2025-03-11
1332	10	2	11	2025-03-11
1333	10	70	26	2025-03-11
1334	8	2	25	2025-03-11
1335	8	255	6	2025-03-11
1336	7	4	5	2025-03-11
1337	5	48	19	2025-03-11
1338	50	48	19	2025-03-12
1339	44	13	1	2025-03-12
1340	44	55	20	2025-03-12
1341	44	1	25	2025-03-12
1342	43	150	26	2025-03-12
1343	40	6	2	2025-03-12
1344	40	5	2	2025-03-12
1345	38	25	22	2025-03-12
1346	37	7	5	2025-03-12
1347	36	399	14	2025-03-12
1348	35	281	4	2025-03-12
1349	32	166	7	2025-03-12
1350	32	14	1	2025-03-12
1351	29	6	23	2025-03-12
1352	27	11	17	2025-03-12
1353	25	2	13	2025-03-12
1354	23	109	26	2025-03-12
1355	23	5	2	2025-03-12
1356	17	8	23	2025-03-12
1357	16	34	22	2025-03-12
1358	14	20	22	2025-03-12
1359	13	963	9	2025-03-12
1360	12	84	26	2025-03-12
1361	9	3	13	2025-03-12
1362	8	194	15	2025-03-12
1363	4	7	25	2025-03-12
1364	48	31	21	2025-03-13
1365	46	53	19	2025-03-13
1366	45	181	15	2025-03-13
1367	41	2271	3	2025-03-13
1368	36	6	8	2025-03-13
1369	34	20	22	2025-03-13
1370	32	52	19	2025-03-13
1371	31	5	11	2025-03-13
1372	24	165	16	2025-03-13
1373	23	5	23	2025-03-13
1374	21	22	22	2025-03-13
1375	18	7	23	2025-03-13
1376	13	246	6	2025-03-13
1377	13	241	4	2025-03-13
1378	10	153	15	2025-03-13
1379	10	9	23	2025-03-13
1380	7	66	19	2025-03-13
1381	5	55	19	2025-03-13
1382	5	1	8	2025-03-13
1383	3	307	14	2025-03-13
1384	46	220	15	2025-03-14
1385	42	8	2	2025-03-14
1386	39	6	8	2025-03-14
1387	35	301	4	2025-03-14
1388	31	43	20	2025-03-14
1389	26	1165	9	2025-03-14
1390	26	6	5	2025-03-14
1391	25	122	16	2025-03-14
1392	21	1081	3	2025-03-14
1393	15	37	22	2025-03-14
1394	14	6	23	2025-03-14
1395	11	766	10	2025-03-14
1396	9	941	9	2025-03-14
1397	9	9	2	2025-03-14
1398	6	2	11	2025-03-14
1399	3	7	25	2025-03-14
1400	1	286	4	2025-03-14
1401	50	1	11	2025-03-15
1402	48	6	8	2025-03-15
1403	47	201	7	2025-03-15
1404	46	9	24	2025-03-15
1405	45	230	6	2025-03-15
1406	39	230	6	2025-03-15
1407	39	145	6	2025-03-15
1408	35	56	26	2025-03-15
1409	34	3	13	2025-03-15
1410	32	12	1	2025-03-15
1411	30	54	20	2025-03-15
1412	27	1109	3	2025-03-15
1413	25	8	5	2025-03-15
1414	24	12	1	2025-03-15
1415	18	9	23	2025-03-15
1416	15	3	13	2025-03-15
1417	14	4	2	2025-03-15
1418	10	5	8	2025-03-15
1419	3	51	20	2025-03-15
1420	1	255	6	2025-03-15
1421	46	114	6	2025-03-16
1422	40	4	8	2025-03-16
1423	38	562	10	2025-03-16
1424	38	2	11	2025-03-16
1425	28	1092	9	2025-03-16
1426	25	111	6	2025-03-16
1427	18	7	5	2025-03-16
1428	17	591	12	2025-03-16
1429	13	2130	3	2025-03-16
1430	11	8	2	2025-03-16
1431	9	67	26	2025-03-16
1432	9	43	19	2025-03-16
1433	3	3	25	2025-03-16
1434	1	308	14	2025-03-16
1435	50	62	19	2025-03-17
1436	49	167	15	2025-03-17
1437	48	3	24	2025-03-17
1438	48	52	26	2025-03-17
1439	45	10	25	2025-03-17
1440	44	28	22	2025-03-17
1441	38	186	7	2025-03-17
1442	35	45	20	2025-03-17
1443	26	1	13	2025-03-17
1444	23	10	17	2025-03-17
1445	23	599	10	2025-03-17
1446	22	2141	3	2025-03-17
1447	20	209	4	2025-03-17
1448	20	2148	3	2025-03-17
1449	15	4	24	2025-03-17
1450	15	519	12	2025-03-17
1451	10	416	14	2025-03-17
1452	1	260	6	2025-03-17
1453	44	2040	3	2025-03-18
1454	43	5	2	2025-03-18
1455	41	190	15	2025-03-18
1456	41	1	13	2025-03-18
1457	39	162	15	2025-03-18
1458	35	5	11	2025-03-18
1459	33	85	16	2025-03-18
1460	32	12	17	2025-03-18
1461	29	4	25	2025-03-18
1462	29	351	14	2025-03-18
1463	27	7	25	2025-03-18
1464	24	183	7	2025-03-18
1465	16	1705	3	2025-03-18
1466	16	10	2	2025-03-18
1467	12	921	9	2025-03-18
1468	12	1147	3	2025-03-18
1469	11	1	13	2025-03-18
1470	7	1	13	2025-03-18
1471	4	555	10	2025-03-18
1472	4	1	13	2025-03-18
1473	49	41	22	2025-03-19
1474	37	104	16	2025-03-19
1475	34	5	2	2025-03-19
1476	32	11	17	2025-03-19
1477	26	6	23	2025-03-19
1478	7	90	16	2025-03-19
1479	6	282	4	2025-03-19
1480	1	591	10	2025-03-19
1481	50	4	2	2025-03-20
1482	45	51	20	2025-03-20
1483	45	4	2	2025-03-20
1484	44	7	25	2025-03-20
1485	43	66	19	2025-03-20
1486	39	34	22	2025-03-20
1487	34	2	11	2025-03-20
1488	34	65	18	2025-03-20
1489	33	326	14	2025-03-20
1490	29	98	26	2025-03-20
1491	28	44	20	2025-03-20
1492	22	8	23	2025-03-20
1493	18	53	18	2025-03-20
1494	17	9	5	2025-03-20
1495	16	40	18	2025-03-20
1496	12	587	10	2025-03-20
1497	8	40	20	2025-03-20
1498	50	4	8	2025-03-21
1499	49	1119	9	2025-03-21
1500	47	682	12	2025-03-21
1501	46	172	16	2025-03-21
1502	41	52	18	2025-03-21
1503	40	106	26	2025-03-21
1504	35	14	17	2025-03-21
1505	33	7	5	2025-03-21
1506	31	32	22	2025-03-21
1507	31	341	14	2025-03-21
1508	30	1372	3	2025-03-21
1509	30	686	10	2025-03-21
1510	23	154	15	2025-03-21
1511	20	148	15	2025-03-21
1512	20	502	12	2025-03-21
1513	19	4	24	2025-03-21
1514	15	107	16	2025-03-21
1515	13	8	25	2025-03-21
1516	12	208	15	2025-03-21
1517	8	3	11	2025-03-21
1518	8	40	22	2025-03-21
1519	4	125	6	2025-03-21
1520	3	5	2	2025-03-21
1521	1	615	10	2025-03-21
1522	41	5	2	2025-03-22
1523	33	4	8	2025-03-22
1524	32	1025	9	2025-03-22
1525	29	4	25	2025-03-22
1526	20	146	6	2025-03-22
1527	20	1171	9	2025-03-22
1528	20	243	4	2025-03-22
1529	15	25	22	2025-03-22
1530	11	26	21	2025-03-22
1531	6	7	25	2025-03-22
1532	49	4	13	2025-03-23
1533	48	628	12	2025-03-23
1534	47	122	15	2025-03-23
1535	47	50	21	2025-03-23
1536	44	4	8	2025-03-23
1537	43	5	25	2025-03-23
1538	41	3	11	2025-03-23
1539	40	400	14	2025-03-23
1540	32	346	14	2025-03-23
1541	27	98	16	2025-03-23
1542	21	8	24	2025-03-23
1543	20	4	8	2025-03-23
1544	14	5	11	2025-03-23
1545	2	50	18	2025-03-23
1546	50	113	26	2025-03-24
1547	48	28	22	2025-03-24
1548	45	15	1	2025-03-24
1549	42	43	20	2025-03-24
1550	40	43	19	2025-03-24
1551	39	3	13	2025-03-24
1552	31	2	11	2025-03-24
1553	31	2	13	2025-03-24
1554	31	8	23	2025-03-24
1555	27	43	20	2025-03-24
1556	26	291	4	2025-03-24
1557	22	176	7	2025-03-24
1558	22	1	13	2025-03-24
1559	20	13	1	2025-03-24
1560	19	217	7	2025-03-24
1561	17	331	14	2025-03-24
1562	16	4	25	2025-03-24
1563	7	106	6	2025-03-24
1564	6	1956	3	2025-03-24
1565	49	6	2	2025-03-25
1566	47	62	18	2025-03-25
1567	46	5	25	2025-03-25
1568	45	10	5	2025-03-25
1569	43	5	2	2025-03-25
1570	42	5	24	2025-03-25
1571	39	5	11	2025-03-25
1572	38	1159	9	2025-03-25
1573	36	111	15	2025-03-25
1574	35	68	18	2025-03-25
1575	35	110	15	2025-03-25
1576	31	170	15	2025-03-25
1577	29	8	23	2025-03-25
1578	28	46	21	2025-03-25
1579	27	54	18	2025-03-25
1580	26	31	22	2025-03-25
1581	24	123	16	2025-03-25
1582	23	115	15	2025-03-25
1583	22	1	8	2025-03-25
1584	22	5	23	2025-03-25
1585	20	701	10	2025-03-25
1586	15	1	8	2025-03-25
1587	14	6	5	2025-03-25
1588	12	49	20	2025-03-25
1589	10	54	20	2025-03-25
1590	8	39	21	2025-03-25
1591	6	58	19	2025-03-25
1592	49	5	11	2025-03-26
1593	48	42	19	2025-03-26
1594	48	4	2	2025-03-26
1595	45	2	8	2025-03-26
1596	41	4	11	2025-03-26
1597	41	110	16	2025-03-26
1598	40	750	10	2025-03-26
1599	34	3	13	2025-03-26
1600	34	2	13	2025-03-26
1601	30	8	2	2025-03-26
1602	30	188	6	2025-03-26
1603	29	14	17	2025-03-26
1604	27	678	12	2025-03-26
1605	27	643	10	2025-03-26
1606	25	42	18	2025-03-26
1607	23	182	15	2025-03-26
1608	21	156	16	2025-03-26
1609	17	136	16	2025-03-26
1610	15	41	20	2025-03-26
1611	9	1	11	2025-03-26
1612	46	8	5	2025-03-27
1613	43	535	10	2025-03-27
1614	43	4	11	2025-03-27
1615	41	8	2	2025-03-27
1616	40	11	1	2025-03-27
1617	40	50	20	2025-03-27
1618	34	11	17	2025-03-27
1619	34	59	19	2025-03-27
1620	33	1124	9	2025-03-27
1621	29	10	17	2025-03-27
1622	29	2363	3	2025-03-27
1623	28	56	20	2025-03-27
1624	26	41	19	2025-03-27
1625	25	44	19	2025-03-27
1626	19	51	21	2025-03-27
1627	18	4	24	2025-03-27
1628	11	9	23	2025-03-27
1629	11	170	6	2025-03-27
1630	6	6	24	2025-03-27
1631	5	20	22	2025-03-27
1632	46	5	25	2025-03-28
1633	46	105	16	2025-03-28
1634	42	143	6	2025-03-28
1635	34	33	21	2025-03-28
1636	33	4	2	2025-03-28
1637	31	67	18	2025-03-28
1638	29	1	11	2025-03-28
1639	28	219	7	2025-03-28
1640	26	71	26	2025-03-28
1641	25	46	20	2025-03-28
1642	24	10	1	2025-03-28
1643	21	1148	9	2025-03-28
1644	20	101	16	2025-03-28
1645	20	14	1	2025-03-28
1646	20	94	16	2025-03-28
1647	14	6	24	2025-03-28
1648	13	245	6	2025-03-28
1649	13	26	22	2025-03-28
1650	11	8	2	2025-03-28
1651	10	44	19	2025-03-28
1652	7	7	5	2025-03-28
1653	7	97	26	2025-03-28
1654	6	53	20	2025-03-28
1655	4	41	18	2025-03-28
1656	3	14	1	2025-03-28
1657	3	1155	9	2025-03-28
1658	2	7	23	2025-03-28
1659	47	12	1	2025-03-29
1660	46	53	19	2025-03-29
1661	46	1	11	2025-03-29
1662	45	1	25	2025-03-29
1663	39	1154	3	2025-03-29
1664	35	254	7	2025-03-29
1665	33	10	25	2025-03-29
1666	30	152	16	2025-03-29
1667	29	47	19	2025-03-29
1668	29	6	23	2025-03-29
1669	26	746	10	2025-03-29
1670	15	41	19	2025-03-29
1671	15	230	4	2025-03-29
1672	15	959	9	2025-03-29
1673	14	38	22	2025-03-29
1674	13	389	14	2025-03-29
1675	11	617	12	2025-03-29
1676	7	3	13	2025-03-29
1677	6	112	7	2025-03-29
1678	5	9	23	2025-03-29
1679	4	95	26	2025-03-29
1680	1	182	16	2025-03-29
1681	49	1001	9	2025-03-30
1682	43	8	23	2025-03-30
1683	42	44	19	2025-03-30
1684	35	57	21	2025-03-30
1685	32	10	2	2025-03-30
1686	31	289	4	2025-03-30
1687	27	6	8	2025-03-30
1688	24	551	12	2025-03-30
1689	24	14	1	2025-03-30
1690	19	1130	9	2025-03-30
1691	19	8	24	2025-03-30
1692	14	7	2	2025-03-30
1693	14	64	19	2025-03-30
1694	7	1	13	2025-03-30
1695	1	55	18	2025-03-30
1696	50	8	25	2025-03-31
1697	44	183	16	2025-03-31
1698	42	114	6	2025-03-31
1699	40	61	18	2025-03-31
1700	39	104	7	2025-03-31
1701	38	200	4	2025-03-31
1702	38	45	18	2025-03-31
1703	34	20	22	2025-03-31
1704	33	1605	3	2025-03-31
1705	28	10	17	2025-03-31
1706	27	5	24	2025-03-31
1707	26	602	12	2025-03-31
1708	25	55	20	2025-03-31
1709	19	192	7	2025-03-31
1710	17	66	19	2025-03-31
1711	15	584	10	2025-03-31
1712	12	2	8	2025-03-31
1713	8	43	20	2025-03-31
1714	7	5	11	2025-03-31
1715	6	13	1	2025-03-31
1716	4	24	22	2025-03-31
1717	50	37	21	2025-04-01
1718	50	4	11	2025-04-01
1719	46	4	24	2025-04-01
1720	46	28	22	2025-04-01
1721	44	38	22	2025-04-01
1722	43	4	8	2025-04-01
1723	37	160	26	2025-04-01
1724	33	91	26	2025-04-01
1725	29	15	17	2025-04-01
1726	28	640	12	2025-04-01
1727	28	210	6	2025-04-01
1728	24	48	19	2025-04-01
1729	24	6	25	2025-04-01
1730	14	6	25	2025-04-01
1731	10	1775	3	2025-04-01
1732	8	566	12	2025-04-01
1733	4	2	8	2025-04-01
1734	46	39	21	2025-04-02
1735	45	238	6	2025-04-02
1736	44	392	14	2025-04-02
1737	41	237	7	2025-04-02
1738	27	40	21	2025-04-02
1739	26	5	23	2025-04-02
1740	19	1048	3	2025-04-02
1741	18	10	2	2025-04-02
1742	17	8	2	2025-04-02
1743	16	976	9	2025-04-02
1744	1	187	6	2025-04-02
1745	45	58	18	2025-04-03
1746	44	2	11	2025-04-03
1747	44	5	23	2025-04-03
1748	41	9	23	2025-04-03
1749	37	125	6	2025-04-03
1750	36	64	18	2025-04-03
1751	36	219	15	2025-04-03
1752	35	925	9	2025-04-03
1753	27	2026	3	2025-04-03
1754	24	54	20	2025-04-03
1755	24	170	6	2025-04-03
1756	22	12	1	2025-04-03
1757	19	371	14	2025-04-03
1758	17	49	19	2025-04-03
1759	17	162	15	2025-04-03
1760	10	10	17	2025-04-03
1761	10	2	13	2025-04-03
1762	10	225	15	2025-04-03
1763	10	213	4	2025-04-03
1764	9	233	4	2025-04-03
1765	8	705	10	2025-04-03
1766	7	10	1	2025-04-03
1767	7	997	9	2025-04-03
1768	5	10	2	2025-04-03
1769	2	206	4	2025-04-03
1770	49	23	21	2025-04-04
1771	47	136	6	2025-04-04
1772	47	10	5	2025-04-04
1773	46	7	24	2025-04-04
1774	45	12	1	2025-04-04
1775	44	1	11	2025-04-04
1776	44	369	14	2025-04-04
1777	42	118	6	2025-04-04
1778	40	4	2	2025-04-04
1779	39	307	4	2025-04-04
1780	39	349	14	2025-04-04
1781	37	3	11	2025-04-04
1782	35	38	22	2025-04-04
1783	29	6	5	2025-04-04
1784	27	176	7	2025-04-04
1785	27	46	20	2025-04-04
1786	25	3	25	2025-04-04
1787	24	536	12	2025-04-04
1788	24	10	17	2025-04-04
1789	18	312	14	2025-04-04
1790	17	6	5	2025-04-04
1791	15	114	15	2025-04-04
1792	14	120	15	2025-04-04
1793	14	4	2	2025-04-04
1794	12	504	12	2025-04-04
1795	11	8	23	2025-04-04
1796	11	214	6	2025-04-04
1797	4	23	21	2025-04-04
1798	3	1	8	2025-04-04
1799	48	48	20	2025-04-05
1800	44	41	22	2025-04-05
1801	41	4	11	2025-04-05
1802	41	1047	3	2025-04-05
1803	38	131	26	2025-04-05
1804	38	541	10	2025-04-05
1805	35	418	14	2025-04-05
1806	34	10	23	2025-04-05
1807	27	57	18	2025-04-05
1808	23	5	5	2025-04-05
1809	20	4	13	2025-04-05
1810	16	1	11	2025-04-05
1811	14	352	14	2025-04-05
1812	12	9	23	2025-04-05
1813	10	663	10	2025-04-05
1814	10	4	13	2025-04-05
1815	10	10	23	2025-04-05
1816	5	216	7	2025-04-05
1817	5	53	26	2025-04-05
1818	5	232	6	2025-04-05
1819	49	23	22	2025-04-06
1820	47	3	13	2025-04-06
1821	46	13	17	2025-04-06
1822	46	27	22	2025-04-06
1823	45	296	4	2025-04-06
1824	44	55	21	2025-04-06
1825	43	515	10	2025-04-06
1826	43	1022	9	2025-04-06
1827	40	13	1	2025-04-06
1828	39	11	1	2025-04-06
1829	34	194	6	2025-04-06
1830	32	8	25	2025-04-06
1831	22	12	17	2025-04-06
1832	21	4	13	2025-04-06
1833	20	70	18	2025-04-06
1834	19	81	16	2025-04-06
1835	19	2265	3	2025-04-06
1836	19	12	1	2025-04-06
1837	15	5	8	2025-04-06
1838	11	10	25	2025-04-06
1839	11	9	23	2025-04-06
1840	10	157	16	2025-04-06
1841	8	6	23	2025-04-06
1842	4	277	4	2025-04-06
1843	3	10	17	2025-04-06
1844	48	4	5	2025-04-07
1845	37	422	14	2025-04-07
1846	32	2049	3	2025-04-07
1847	32	235	4	2025-04-07
1848	31	2	11	2025-04-07
1849	31	48	21	2025-04-07
1850	29	9	25	2025-04-07
1851	29	4	13	2025-04-07
1852	29	44	20	2025-04-07
1853	26	57	21	2025-04-07
1854	21	54	21	2025-04-07
1855	18	9	24	2025-04-07
1856	17	58	18	2025-04-07
1857	16	1773	3	2025-04-07
1858	15	144	16	2025-04-07
1859	15	654	12	2025-04-07
1860	11	170	6	2025-04-07
1861	8	1744	3	2025-04-07
1862	7	3	24	2025-04-07
1863	5	187	7	2025-04-07
1864	41	1105	9	2025-04-08
1865	40	50	19	2025-04-08
1866	39	221	7	2025-04-08
1867	36	305	14	2025-04-08
1868	29	514	12	2025-04-08
1869	28	4	2	2025-04-08
1870	23	3	11	2025-04-08
1871	22	6	23	2025-04-08
1872	20	12	17	2025-04-08
1873	13	124	6	2025-04-08
1874	7	542	12	2025-04-08
1875	5	96	16	2025-04-08
1876	3	6	25	2025-04-08
1877	45	637	12	2025-04-09
1878	44	157	7	2025-04-09
1879	43	57	21	2025-04-09
1880	42	14	1	2025-04-09
1881	42	3	25	2025-04-09
1882	40	20	22	2025-04-09
1883	33	66	18	2025-04-09
1884	29	138	26	2025-04-09
1885	26	122	26	2025-04-09
1886	22	1	11	2025-04-09
1887	22	48	18	2025-04-09
1888	20	321	14	2025-04-09
1889	17	49	18	2025-04-09
1890	15	800	10	2025-04-09
1891	15	8	2	2025-04-09
1892	12	10	23	2025-04-09
1893	7	1714	3	2025-04-09
1894	7	43	20	2025-04-09
1895	2	1023	9	2025-04-09
1896	49	130	6	2025-04-10
1897	47	7	23	2025-04-10
1898	47	110	26	2025-04-10
1899	44	42	20	2025-04-10
1900	43	53	21	2025-04-10
1901	40	668	12	2025-04-10
1902	38	91	16	2025-04-10
1903	36	41	19	2025-04-10
1904	36	69	26	2025-04-10
1905	35	43	19	2025-04-10
1906	26	40	22	2025-04-10
1907	25	69	26	2025-04-10
1908	22	9	23	2025-04-10
1909	17	7	5	2025-04-10
1910	14	59	19	2025-04-10
1911	9	300	4	2025-04-10
1912	7	903	9	2025-04-10
1913	7	6	8	2025-04-10
1914	5	4	11	2025-04-10
1915	2	244	4	2025-04-10
1916	2	2052	3	2025-04-10
1917	1	7	23	2025-04-10
1918	48	59	19	2025-04-11
1919	44	10	25	2025-04-11
1920	43	2	13	2025-04-11
1921	32	4	24	2025-04-11
1922	32	52	18	2025-04-11
1923	30	3	8	2025-04-11
1924	29	5	5	2025-04-11
1925	29	5	8	2025-04-11
1926	27	3	24	2025-04-11
1927	25	37	21	2025-04-11
1928	24	56	20	2025-04-11
1929	23	368	14	2025-04-11
1930	22	2425	3	2025-04-11
1931	18	115	26	2025-04-11
1932	5	221	6	2025-04-11
1933	4	15	1	2025-04-11
1934	3	1010	3	2025-04-11
1935	49	10	23	2025-04-12
1936	49	159	26	2025-04-12
1937	46	4	11	2025-04-12
1938	43	238	4	2025-04-12
1939	42	5	8	2025-04-12
1940	42	131	6	2025-04-12
1941	42	9	24	2025-04-12
1942	38	55	20	2025-04-12
1943	37	185	15	2025-04-12
1944	36	208	4	2025-04-12
1945	34	55	20	2025-04-12
1946	32	4	13	2025-04-12
1947	31	4	11	2025-04-12
1948	22	44	21	2025-04-12
1949	20	1877	3	2025-04-12
1950	20	9	2	2025-04-12
1951	18	157	15	2025-04-12
1952	11	53	18	2025-04-12
1953	9	206	15	2025-04-12
1954	8	57	18	2025-04-12
1955	6	47	21	2025-04-12
1956	3	997	9	2025-04-12
1957	2	9	24	2025-04-12
1958	2	1086	9	2025-04-12
1959	38	7	24	2025-04-13
1960	38	528	12	2025-04-13
1961	37	5	5	2025-04-13
1962	36	157	26	2025-04-13
1963	34	10	23	2025-04-13
1964	32	2214	3	2025-04-13
1965	31	126	16	2025-04-13
1966	31	3	25	2025-04-13
1967	30	925	9	2025-04-13
1968	28	3	24	2025-04-13
1969	27	4	8	2025-04-13
1970	27	7	24	2025-04-13
1971	25	65	18	2025-04-13
1972	25	64	18	2025-04-13
1973	25	214	15	2025-04-13
1974	22	2	13	2025-04-13
1975	8	131	6	2025-04-13
1976	6	10	17	2025-04-13
1977	2	1	25	2025-04-13
1978	50	1	8	2025-04-14
1979	50	66	18	2025-04-14
1980	50	6	8	2025-04-14
1981	42	12	17	2025-04-14
1982	42	504	10	2025-04-14
1983	33	6	8	2025-04-14
1984	32	168	16	2025-04-14
1985	30	5	11	2025-04-14
1986	29	15	1	2025-04-14
1987	26	170	16	2025-04-14
1988	25	27	21	2025-04-14
1989	25	4	8	2025-04-14
1990	15	126	16	2025-04-14
1991	12	4	13	2025-04-14
1992	11	8	5	2025-04-14
1993	10	1	11	2025-04-14
1994	8	972	9	2025-04-14
1995	7	1050	9	2025-04-14
1996	6	2	13	2025-04-14
1997	6	418	14	2025-04-14
1998	5	678	12	2025-04-14
1999	5	119	15	2025-04-14
2000	50	26	21	2025-04-15
2001	48	147	15	2025-04-15
2002	47	69	18	2025-04-15
2003	40	386	14	2025-04-15
2004	38	15	1	2025-04-15
2005	37	62	19	2025-04-15
2006	32	369	14	2025-04-15
2007	31	62	19	2025-04-15
2008	29	3	11	2025-04-15
2009	28	13	17	2025-04-15
2010	26	909	9	2025-04-15
2011	24	227	7	2025-04-15
2012	18	42	19	2025-04-15
2013	18	24	21	2025-04-15
2014	17	27	22	2025-04-15
2015	14	14	17	2025-04-15
2016	10	247	4	2025-04-15
2017	10	1591	3	2025-04-15
2018	9	30	22	2025-04-15
2019	5	12	17	2025-04-15
2020	3	6	8	2025-04-15
2021	50	1	11	2025-04-16
2022	46	10	25	2025-04-16
2023	42	345	14	2025-04-16
2024	41	138	26	2025-04-16
2025	40	28	21	2025-04-16
2026	39	197	7	2025-04-16
2027	37	1	11	2025-04-16
2028	32	61	26	2025-04-16
2029	31	14	1	2025-04-16
2030	31	684	10	2025-04-16
2031	30	59	26	2025-04-16
2032	29	12	1	2025-04-16
2033	28	54	20	2025-04-16
2034	25	8	24	2025-04-16
2035	25	54	21	2025-04-16
2036	24	1	13	2025-04-16
2037	21	742	10	2025-04-16
2038	18	595	12	2025-04-16
2039	16	117	16	2025-04-16
2040	7	4	5	2025-04-16
2041	5	137	16	2025-04-16
2042	2	10	2	2025-04-16
2043	1	548	10	2025-04-16
2044	48	70	18	2025-04-17
2045	48	7	2	2025-04-17
2046	47	1047	9	2025-04-17
2047	37	28	22	2025-04-17
2048	36	187	6	2025-04-17
2049	28	728	10	2025-04-17
2050	21	27	21	2025-04-17
2051	16	5	5	2025-04-17
2052	12	15	1	2025-04-17
2053	7	1058	9	2025-04-17
2054	4	2	13	2025-04-17
2055	4	1	25	2025-04-17
2056	48	48	18	2025-04-18
2057	47	40	22	2025-04-18
2058	46	1496	3	2025-04-18
2059	36	52	18	2025-04-18
2060	28	5	23	2025-04-18
2061	27	422	14	2025-04-18
2062	24	8	2	2025-04-18
2063	21	295	4	2025-04-18
2064	20	20	22	2025-04-18
2065	18	8	24	2025-04-18
2066	16	117	26	2025-04-18
2067	15	194	7	2025-04-18
2068	12	6	23	2025-04-18
2069	9	2	11	2025-04-18
2070	47	86	16	2025-04-19
2071	45	642	12	2025-04-19
2072	44	142	15	2025-04-19
2073	41	618	10	2025-04-19
2074	39	110	6	2025-04-19
2075	38	1	13	2025-04-19
2076	35	5	2	2025-04-19
2077	32	164	15	2025-04-19
2078	29	6	5	2025-04-19
2079	29	8	23	2025-04-19
2080	21	12	17	2025-04-19
2081	20	224	15	2025-04-19
2082	13	31	22	2025-04-19
2083	11	359	14	2025-04-19
2084	10	56	19	2025-04-19
2085	10	46	20	2025-04-19
2086	7	267	4	2025-04-19
2087	5	908	9	2025-04-19
2088	4	4	13	2025-04-19
2089	50	324	14	2025-04-20
2090	50	1	13	2025-04-20
2091	37	361	14	2025-04-20
2092	28	50	19	2025-04-20
2093	22	41	19	2025-04-20
2094	22	122	7	2025-04-20
2095	20	42	20	2025-04-20
2096	19	657	12	2025-04-20
2097	18	299	4	2025-04-20
2098	15	5	11	2025-04-20
2099	14	127	6	2025-04-20
2100	13	52	21	2025-04-20
2101	3	47	21	2025-04-20
2102	2	118	6	2025-04-20
2103	49	210	15	2025-04-21
2104	48	20	22	2025-04-21
2105	47	159	15	2025-04-21
2106	47	76	26	2025-04-21
2107	45	4	13	2025-04-21
2108	42	29	21	2025-04-21
2109	40	1	11	2025-04-21
2110	39	9	24	2025-04-21
2111	37	263	6	2025-04-21
2112	32	7	23	2025-04-21
2113	32	202	4	2025-04-21
2114	30	145	7	2025-04-21
2115	28	50	19	2025-04-21
2116	27	7	2	2025-04-21
2117	25	1	13	2025-04-21
2118	24	51	21	2025-04-21
2119	22	573	12	2025-04-21
2120	17	4	13	2025-04-21
2121	15	101	7	2025-04-21
2122	13	20	22	2025-04-21
2123	11	10	23	2025-04-21
2124	11	151	7	2025-04-21
2125	9	7	5	2025-04-21
2126	6	282	4	2025-04-21
2127	46	3	13	2025-04-22
2128	46	6	8	2025-04-22
2129	46	1	8	2025-04-22
2130	46	6	8	2025-04-22
2131	44	164	6	2025-04-22
2132	44	2	13	2025-04-22
2133	40	1667	3	2025-04-22
2134	38	535	10	2025-04-22
2135	35	15	1	2025-04-22
2136	34	10	23	2025-04-22
2137	34	39	21	2025-04-22
2138	33	3	24	2025-04-22
2139	33	39	22	2025-04-22
2140	32	103	26	2025-04-22
2141	30	1	25	2025-04-22
2142	28	962	9	2025-04-22
2143	24	60	19	2025-04-22
2144	18	4	13	2025-04-22
2145	17	130	6	2025-04-22
2146	16	5	8	2025-04-22
2147	16	38	21	2025-04-22
2148	15	5	5	2025-04-22
2149	14	167	7	2025-04-22
2150	7	568	10	2025-04-22
2151	5	350	14	2025-04-22
2152	4	782	10	2025-04-22
2153	49	10	17	2025-04-23
2154	48	288	4	2025-04-23
2155	45	314	14	2025-04-23
2156	44	64	19	2025-04-23
2157	43	77	26	2025-04-23
2158	38	14	1	2025-04-23
2159	36	22	21	2025-04-23
2160	32	26	22	2025-04-23
2161	30	5	11	2025-04-23
2162	24	5	24	2025-04-23
2163	23	5	11	2025-04-23
2164	19	1093	3	2025-04-23
2165	15	173	15	2025-04-23
2166	8	41	26	2025-04-23
2167	7	1	25	2025-04-23
2168	5	7	23	2025-04-23
2169	4	2	13	2025-04-23
2170	48	502	12	2025-04-24
2171	44	1	11	2025-04-24
2172	40	42	19	2025-04-24
2173	37	138	16	2025-04-24
2174	31	49	18	2025-04-24
2175	27	11	1	2025-04-24
2176	25	3	8	2025-04-24
2177	23	1092	9	2025-04-24
2178	20	66	19	2025-04-24
2179	19	1	13	2025-04-24
2180	16	42	18	2025-04-24
2181	7	209	6	2025-04-24
2182	4	69	26	2025-04-24
2183	3	7	25	2025-04-24
2184	48	57	21	2025-04-25
2185	46	83	16	2025-04-25
2186	43	705	10	2025-04-25
2187	42	9	5	2025-04-25
2188	39	1	8	2025-04-25
2189	39	299	4	2025-04-25
2190	36	8	25	2025-04-25
2191	35	131	16	2025-04-25
2192	34	42	19	2025-04-25
2193	33	160	16	2025-04-25
2194	23	66	18	2025-04-25
2195	20	757	10	2025-04-25
2196	17	531	12	2025-04-25
2197	5	85	26	2025-04-25
2198	50	1090	9	2025-04-26
2199	49	31	22	2025-04-26
2200	49	40	20	2025-04-26
2201	49	177	7	2025-04-26
2202	41	85	16	2025-04-26
2203	35	53	18	2025-04-26
2204	35	3	13	2025-04-26
2205	34	1	11	2025-04-26
2206	33	298	4	2025-04-26
2207	31	26	22	2025-04-26
2208	21	1655	3	2025-04-26
2209	19	45	21	2025-04-26
2210	14	955	9	2025-04-26
2211	13	21	22	2025-04-26
2212	13	15	1	2025-04-26
2213	11	222	4	2025-04-26
2214	11	31	21	2025-04-26
2215	10	45	20	2025-04-26
2216	7	5	24	2025-04-26
2217	2	2221	3	2025-04-26
2218	2	13	17	2025-04-26
2219	1	1	8	2025-04-26
2220	47	3	8	2025-04-27
2221	47	65	18	2025-04-27
2222	46	125	7	2025-04-27
2223	45	1	25	2025-04-27
2224	43	6	2	2025-04-27
2225	42	1239	3	2025-04-27
2226	42	2	13	2025-04-27
2227	39	54	20	2025-04-27
2228	37	1	11	2025-04-27
2229	31	1733	3	2025-04-27
2230	31	100	15	2025-04-27
2231	27	7	2	2025-04-27
2232	13	156	15	2025-04-27
2233	12	5	5	2025-04-27
2234	11	1054	9	2025-04-27
2235	11	212	6	2025-04-27
2236	9	6	2	2025-04-27
2237	4	652	10	2025-04-27
2238	2	2	11	2025-04-27
2239	1	85	26	2025-04-27
2240	43	42	19	2025-04-28
2241	43	5	5	2025-04-28
2242	41	13	17	2025-04-28
2243	39	105	6	2025-04-28
2244	36	548	12	2025-04-28
2245	36	807	10	2025-04-28
2246	34	116	16	2025-04-28
2247	34	29	22	2025-04-28
2248	33	3	8	2025-04-28
2249	31	599	10	2025-04-28
2250	31	10	23	2025-04-28
2251	30	56	19	2025-04-28
2252	27	554	12	2025-04-28
2253	21	419	14	2025-04-28
2254	16	1293	3	2025-04-28
2255	16	3	8	2025-04-28
2256	15	203	15	2025-04-28
2257	13	6	23	2025-04-28
2258	46	252	7	2025-04-29
2259	40	5	23	2025-04-29
2260	36	221	15	2025-04-29
2261	32	262	7	2025-04-29
2262	31	53	19	2025-04-29
2263	29	2	8	2025-04-29
2264	25	2399	3	2025-04-29
2265	24	56	18	2025-04-29
2266	20	2297	3	2025-04-29
2267	20	42	20	2025-04-29
2268	19	13	1	2025-04-29
2269	15	12	17	2025-04-29
2270	13	58	19	2025-04-29
2271	11	6	5	2025-04-29
2272	9	3	24	2025-04-29
2273	7	32	22	2025-04-29
2274	5	49	21	2025-04-29
2275	2	304	4	2025-04-29
2276	49	3	13	2025-04-30
2277	49	95	16	2025-04-30
2278	48	154	15	2025-04-30
2279	48	718	10	2025-04-30
2280	46	1620	3	2025-04-30
2281	44	12	1	2025-04-30
2282	40	2051	3	2025-04-30
2283	38	42	22	2025-04-30
2284	38	174	6	2025-04-30
2285	37	190	15	2025-04-30
2286	35	56	20	2025-04-30
2287	28	3	11	2025-04-30
2288	28	761	10	2025-04-30
2289	26	673	12	2025-04-30
2290	25	106	15	2025-04-30
2291	23	13	17	2025-04-30
2292	22	40	20	2025-04-30
2293	17	6	24	2025-04-30
2294	17	240	7	2025-04-30
2295	17	20	21	2025-04-30
2296	16	5	25	2025-04-30
2297	16	30	21	2025-04-30
2298	14	238	4	2025-04-30
2299	11	166	16	2025-04-30
2300	7	41	20	2025-04-30
2301	6	43	19	2025-04-30
2302	50	5	8	2025-05-01
2303	47	3	13	2025-05-01
2304	45	902	9	2025-05-01
2305	45	3	8	2025-05-01
2306	43	7	2	2025-05-01
2307	37	539	12	2025-05-01
2308	32	8	23	2025-05-01
2309	32	57	18	2025-05-01
2310	29	2289	3	2025-05-01
2311	28	33	22	2025-05-01
2312	23	57	19	2025-05-01
2313	21	2063	3	2025-05-01
2314	21	1	25	2025-05-01
2315	19	6	8	2025-05-01
2316	8	4	13	2025-05-01
2317	6	21	21	2025-05-01
2318	47	84	26	2025-05-02
2319	45	48	19	2025-05-02
2320	43	41	19	2025-05-02
2321	42	13	1	2025-05-02
2322	41	302	4	2025-05-02
2323	40	40	20	2025-05-02
2324	33	7	23	2025-05-02
2325	25	1025	9	2025-05-02
2326	24	3	13	2025-05-02
2327	23	10	1	2025-05-02
2328	22	4	5	2025-05-02
2329	21	5	23	2025-05-02
2330	20	7	2	2025-05-02
2331	19	272	4	2025-05-02
2332	14	150	15	2025-05-02
2333	12	14	17	2025-05-02
2334	12	46	18	2025-05-02
2335	11	259	4	2025-05-02
2336	11	260	6	2025-05-02
2337	7	38	21	2025-05-02
2338	6	156	15	2025-05-02
2339	4	576	12	2025-05-02
2340	3	4	2	2025-05-02
2341	1	9	5	2025-05-02
2342	47	12	1	2025-05-03
2343	47	4	24	2025-05-03
2344	40	15	17	2025-05-03
2345	38	543	12	2025-05-03
2346	35	62	18	2025-05-03
2347	33	60	19	2025-05-03
2348	29	1	13	2025-05-03
2349	26	1	13	2025-05-03
2350	24	216	6	2025-05-03
2351	19	10	2	2025-05-03
2352	9	28	21	2025-05-03
2353	9	6	8	2025-05-03
2354	6	164	16	2025-05-03
2355	50	4	11	2025-05-04
2356	50	185	7	2025-05-04
2357	47	676	12	2025-05-04
2358	46	2	25	2025-05-04
2359	44	155	6	2025-05-04
2360	32	136	15	2025-05-04
2361	30	4	13	2025-05-04
2362	29	4	13	2025-05-04
2363	29	6	8	2025-05-04
2364	28	5	23	2025-05-04
2365	28	724	10	2025-05-04
2366	27	9	23	2025-05-04
2367	26	345	14	2025-05-04
2368	25	258	4	2025-05-04
2369	25	640	10	2025-05-04
2370	21	1	13	2025-05-04
2371	17	7	24	2025-05-04
2372	17	424	14	2025-05-04
2373	16	23	22	2025-05-04
2374	13	41	26	2025-05-04
2375	11	5	11	2025-05-04
2376	7	38	22	2025-05-04
2377	5	6	2	2025-05-04
2378	5	23	21	2025-05-04
2379	47	2285	3	2025-05-05
2380	47	6	23	2025-05-05
2381	47	99	26	2025-05-05
2382	40	10	23	2025-05-05
2383	39	7	23	2025-05-05
2384	38	7	25	2025-05-05
2385	38	599	12	2025-05-05
2386	35	190	6	2025-05-05
2387	33	6	5	2025-05-05
2388	31	786	10	2025-05-05
2389	30	276	4	2025-05-05
2390	23	2	11	2025-05-05
2391	21	10	23	2025-05-05
2392	18	10	5	2025-05-05
2393	14	6	23	2025-05-05
2394	14	1165	9	2025-05-05
2395	10	6	8	2025-05-05
2396	9	4	13	2025-05-05
2397	8	80	26	2025-05-05
2398	5	3	8	2025-05-05
2399	5	317	14	2025-05-05
2400	2	7	23	2025-05-05
2401	50	135	16	2025-05-06
2402	42	63	19	2025-05-06
2403	40	73	26	2025-05-06
2404	38	8	25	2025-05-06
2405	37	132	6	2025-05-06
2406	36	73	26	2025-05-06
2407	32	5	11	2025-05-06
2408	31	143	15	2025-05-06
2409	26	9	25	2025-05-06
2410	25	2048	3	2025-05-06
2411	24	1031	9	2025-05-06
2412	23	26	21	2025-05-06
2413	22	10	2	2025-05-06
2414	19	3	11	2025-05-06
2415	19	5	25	2025-05-06
2416	16	203	15	2025-05-06
2417	10	4	2	2025-05-06
2418	9	4	24	2025-05-06
2419	7	1850	3	2025-05-06
2420	5	949	9	2025-05-06
2421	4	1	13	2025-05-06
2422	4	4	5	2025-05-06
2423	3	15	1	2025-05-06
2424	50	8	24	2025-05-07
2425	50	4	13	2025-05-07
2426	50	15	1	2025-05-07
2427	49	38	21	2025-05-07
2428	48	12	1	2025-05-07
2429	45	528	12	2025-05-07
2430	42	204	7	2025-05-07
2431	41	42	20	2025-05-07
2432	37	260	4	2025-05-07
2433	37	368	14	2025-05-07
2434	32	213	7	2025-05-07
2435	31	58	19	2025-05-07
2436	25	5	23	2025-05-07
2437	23	705	10	2025-05-07
2438	18	1173	9	2025-05-07
2439	12	65	26	2025-05-07
2440	11	53	20	2025-05-07
2441	9	244	6	2025-05-07
2442	9	36	22	2025-05-07
2443	2	344	14	2025-05-07
2444	48	1747	3	2025-05-08
2445	47	9	23	2025-05-08
2446	44	38	21	2025-05-08
2447	42	48	19	2025-05-08
2448	41	502	10	2025-05-08
2449	32	11	1	2025-05-08
2450	29	304	14	2025-05-08
2451	26	28	22	2025-05-08
2452	26	5	24	2025-05-08
2453	25	2	11	2025-05-08
2454	20	62	18	2025-05-08
2455	19	10	25	2025-05-08
2456	17	15	1	2025-05-08
2457	17	6	24	2025-05-08
2458	16	69	18	2025-05-08
2459	9	51	20	2025-05-08
2460	6	2167	3	2025-05-08
2461	4	41	19	2025-05-08
2462	46	643	12	2025-05-09
2463	44	4	8	2025-05-09
2464	43	24	21	2025-05-09
2465	43	76	26	2025-05-09
2466	40	2	8	2025-05-09
2467	39	4	13	2025-05-09
2468	38	53	20	2025-05-09
2469	32	659	10	2025-05-09
2470	29	41	22	2025-05-09
2471	27	42	20	2025-05-09
2472	25	3	24	2025-05-09
2473	22	7	2	2025-05-09
2474	21	134	16	2025-05-09
2475	18	38	22	2025-05-09
2476	18	5	25	2025-05-09
2477	17	317	14	2025-05-09
2478	16	187	15	2025-05-09
2479	14	8	2	2025-05-09
2480	14	32	22	2025-05-09
2481	2	1030	9	2025-05-09
2482	41	118	15	2025-05-10
2483	40	639	12	2025-05-10
2484	40	7	5	2025-05-10
2485	39	52	19	2025-05-10
2486	37	46	19	2025-05-10
2487	34	54	20	2025-05-10
2488	30	4	13	2025-05-10
2489	29	8	23	2025-05-10
2490	26	20	22	2025-05-10
2491	22	155	16	2025-05-10
2492	19	140	26	2025-05-10
2493	19	1	13	2025-05-10
2494	17	255	4	2025-05-10
2495	16	4	2	2025-05-10
2496	16	397	14	2025-05-10
2497	14	3	25	2025-05-10
2498	14	48	26	2025-05-10
2499	13	2	13	2025-05-10
2500	11	148	16	2025-05-10
2501	10	344	14	2025-05-10
2502	5	10	17	2025-05-10
2503	3	3	13	2025-05-10
2504	50	15	1	2025-05-11
2505	48	14	17	2025-05-11
2506	48	155	16	2025-05-11
2507	47	202	15	2025-05-11
2508	46	65	19	2025-05-11
2509	45	9	5	2025-05-11
2510	43	45	18	2025-05-11
2511	36	10	2	2025-05-11
2512	33	20	21	2025-05-11
2513	28	538	10	2025-05-11
2514	24	300	4	2025-05-11
2515	23	11	1	2025-05-11
2516	22	676	12	2025-05-11
2517	19	3	8	2025-05-11
2518	14	133	26	2025-05-11
2519	13	523	10	2025-05-11
2520	12	385	14	2025-05-11
2521	12	5	2	2025-05-11
2522	11	129	15	2025-05-11
2523	6	9	23	2025-05-11
2524	1	649	12	2025-05-11
2525	46	253	7	2025-05-12
2526	45	2	25	2025-05-12
2527	35	5	2	2025-05-12
2528	35	12	1	2025-05-12
2529	35	794	10	2025-05-12
2530	34	971	9	2025-05-12
2531	34	1017	9	2025-05-12
2532	27	9	24	2025-05-12
2533	20	129	7	2025-05-12
2534	20	342	14	2025-05-12
2535	19	48	21	2025-05-12
2536	17	350	14	2025-05-12
2537	16	159	26	2025-05-12
2538	13	644	12	2025-05-12
2539	11	157	7	2025-05-12
2540	4	15	17	2025-05-12
2541	48	2	11	2025-05-13
2542	46	170	15	2025-05-13
2543	43	13	17	2025-05-13
2544	43	36	21	2025-05-13
2545	43	7	5	2025-05-13
2546	42	206	15	2025-05-13
2547	41	2	8	2025-05-13
2548	38	1	25	2025-05-13
2549	35	47	18	2025-05-13
2550	34	356	14	2025-05-13
2551	30	616	12	2025-05-13
2552	29	10	23	2025-05-13
2553	27	257	4	2025-05-13
2554	26	11	1	2025-05-13
2555	22	3	13	2025-05-13
2556	18	4	8	2025-05-13
2557	17	43	18	2025-05-13
2558	17	187	6	2025-05-13
2559	16	1197	3	2025-05-13
2560	14	3	11	2025-05-13
2561	10	12	17	2025-05-13
2562	7	56	20	2025-05-13
2563	6	44	20	2025-05-13
2564	5	104	15	2025-05-13
2565	4	10	23	2025-05-13
2566	3	230	4	2025-05-13
2567	49	11	1	2025-05-14
2568	47	13	17	2025-05-14
2569	44	167	16	2025-05-14
2570	44	7	24	2025-05-14
2571	43	676	12	2025-05-14
2572	43	41	20	2025-05-14
2573	42	5	24	2025-05-14
2574	36	21	22	2025-05-14
2575	32	28	22	2025-05-14
2576	30	965	9	2025-05-14
2577	23	14	17	2025-05-14
2578	19	2397	3	2025-05-14
2579	18	8	23	2025-05-14
2580	12	223	7	2025-05-14
2581	3	217	4	2025-05-14
2582	1	3	8	2025-05-14
2583	1	15	17	2025-05-14
2584	49	65	18	2025-05-15
2585	45	13	17	2025-05-15
2586	42	10	25	2025-05-15
2587	40	2	13	2025-05-15
2588	27	12	1	2025-05-15
2589	26	49	20	2025-05-15
2590	24	10	5	2025-05-15
2591	17	146	16	2025-05-15
2592	16	178	15	2025-05-15
2593	13	59	19	2025-05-15
2594	12	2282	3	2025-05-15
2595	12	1	8	2025-05-15
2596	5	68	18	2025-05-15
2597	5	381	14	2025-05-15
2598	2	51	20	2025-05-15
2599	42	5	24	2025-05-16
2600	41	14	1	2025-05-16
2601	38	1886	3	2025-05-16
2602	38	175	6	2025-05-16
2603	35	104	26	2025-05-16
2604	31	1519	3	2025-05-16
2605	30	6	24	2025-05-16
2606	30	1146	9	2025-05-16
2607	24	40	22	2025-05-16
2608	16	46	18	2025-05-16
2609	15	175	16	2025-05-16
2610	9	6	2	2025-05-16
2611	9	55	21	2025-05-16
2612	7	130	26	2025-05-16
2613	3	103	16	2025-05-16
2614	3	295	4	2025-05-16
2615	44	57	20	2025-05-17
2616	44	4	8	2025-05-17
2617	44	29	22	2025-05-17
2618	44	191	6	2025-05-17
2619	39	241	6	2025-05-17
2620	37	2060	3	2025-05-17
2621	37	180	6	2025-05-17
2622	37	86	26	2025-05-17
2623	30	1446	3	2025-05-17
2624	27	219	15	2025-05-17
2625	26	2	11	2025-05-17
2626	25	15	17	2025-05-17
2627	25	10	23	2025-05-17
2628	23	184	6	2025-05-17
2629	19	4	8	2025-05-17
2630	15	247	6	2025-05-17
2631	13	64	18	2025-05-17
2632	13	261	6	2025-05-17
2633	8	109	16	2025-05-17
2634	4	10	2	2025-05-17
2635	4	189	15	2025-05-17
2636	50	2	13	2025-05-18
2637	49	7	2	2025-05-18
2638	46	9	2	2025-05-18
2639	45	46	20	2025-05-18
2640	44	716	10	2025-05-18
2641	43	398	14	2025-05-18
2642	41	2130	3	2025-05-18
2643	40	1076	9	2025-05-18
2644	38	529	12	2025-05-18
2645	36	10	23	2025-05-18
2646	32	156	16	2025-05-18
2647	31	154	7	2025-05-18
2648	27	5	23	2025-05-18
2649	27	3	13	2025-05-18
2650	25	8	23	2025-05-18
2651	24	6	8	2025-05-18
2652	23	233	7	2025-05-18
2653	23	5	2	2025-05-18
2654	23	1823	3	2025-05-18
2655	23	10	17	2025-05-18
2656	23	51	21	2025-05-18
2657	20	5	11	2025-05-18
2658	14	9	23	2025-05-18
2659	13	2	13	2025-05-18
2660	3	790	10	2025-05-18
2661	2	427	14	2025-05-18
2662	49	1	11	2025-05-19
2663	48	54	20	2025-05-19
2664	47	1	11	2025-05-19
2665	45	6	23	2025-05-19
2666	44	24	22	2025-05-19
2667	44	41	20	2025-05-19
2668	39	798	10	2025-05-19
2669	38	39	22	2025-05-19
2670	34	1030	9	2025-05-19
2671	33	12	17	2025-05-19
2672	33	10	1	2025-05-19
2673	26	45	20	2025-05-19
2674	25	666	12	2025-05-19
2675	24	57	19	2025-05-19
2676	20	145	16	2025-05-19
2677	17	534	12	2025-05-19
2678	17	108	7	2025-05-19
2679	16	8	23	2025-05-19
2680	5	11	1	2025-05-19
2681	5	48	26	2025-05-19
2682	1	228	15	2025-05-19
2683	50	5	11	2025-05-20
2684	48	307	4	2025-05-20
2685	47	5	24	2025-05-20
2686	47	197	7	2025-05-20
2687	38	9	5	2025-05-20
2688	32	1	11	2025-05-20
2689	30	10	2	2025-05-20
2690	28	103	6	2025-05-20
2691	28	24	22	2025-05-20
2692	27	8	23	2025-05-20
2693	25	25	22	2025-05-20
2694	23	145	16	2025-05-20
2695	22	142	6	2025-05-20
2696	21	798	10	2025-05-20
2697	20	110	6	2025-05-20
2698	19	7	5	2025-05-20
2699	18	616	12	2025-05-20
2700	18	58	19	2025-05-20
2701	17	1699	3	2025-05-20
2702	16	611	12	2025-05-20
2703	16	242	4	2025-05-20
2704	11	1	13	2025-05-20
2705	10	53	18	2025-05-20
2706	8	49	19	2025-05-20
2707	6	24	22	2025-05-20
2708	1	1838	3	2025-05-20
2709	50	64	19	2025-05-21
2710	48	10	23	2025-05-21
2711	48	4	25	2025-05-21
2712	47	6	23	2025-05-21
2713	46	13	17	2025-05-21
2714	42	4	2	2025-05-21
2715	33	84	26	2025-05-21
2716	27	599	12	2025-05-21
2717	26	298	4	2025-05-21
2718	26	9	23	2025-05-21
2719	23	1850	3	2025-05-21
2720	23	11	17	2025-05-21
2721	16	682	12	2025-05-21
2722	10	318	14	2025-05-21
2723	9	45	20	2025-05-21
2724	6	187	7	2025-05-21
2725	5	43	18	2025-05-21
2726	48	28	22	2025-05-22
2727	46	716	10	2025-05-22
2728	46	42	20	2025-05-22
2729	36	12	17	2025-05-22
2730	36	5	23	2025-05-22
2731	34	8	5	2025-05-22
2732	27	147	16	2025-05-22
2733	25	1126	9	2025-05-22
2734	24	673	12	2025-05-22
2735	24	201	6	2025-05-22
2736	20	1019	9	2025-05-22
2737	19	222	6	2025-05-22
2738	16	989	9	2025-05-22
2739	15	199	7	2025-05-22
2740	12	44	19	2025-05-22
2741	8	4	13	2025-05-22
2742	5	9	23	2025-05-22
2743	1	168	16	2025-05-22
2744	47	13	17	2025-05-23
2745	46	168	16	2025-05-23
2746	46	10	1	2025-05-23
2747	44	62	18	2025-05-23
2748	39	105	6	2025-05-23
2749	39	152	16	2025-05-23
2750	38	9	2	2025-05-23
2751	34	3	8	2025-05-23
2752	33	100	26	2025-05-23
2753	30	541	10	2025-05-23
2754	22	1000	9	2025-05-23
2755	20	806	10	2025-05-23
2756	19	39	22	2025-05-23
2757	19	171	16	2025-05-23
2758	17	4	5	2025-05-23
2759	14	131	16	2025-05-23
2760	7	15	17	2025-05-23
2761	5	1	13	2025-05-23
2762	50	2	8	2025-05-24
2763	46	6	24	2025-05-24
2764	42	7	25	2025-05-24
2765	40	2	13	2025-05-24
2766	39	262	7	2025-05-24
2767	37	9	23	2025-05-24
2768	31	4	11	2025-05-24
2769	28	130	15	2025-05-24
2770	26	8	23	2025-05-24
2771	23	1	11	2025-05-24
2772	22	233	7	2025-05-24
2773	22	1096	3	2025-05-24
2774	20	426	14	2025-05-24
2775	18	10	23	2025-05-24
2776	17	358	14	2025-05-24
2777	16	3	24	2025-05-24
2778	13	12	1	2025-05-24
2779	9	7	2	2025-05-24
2780	9	4	2	2025-05-24
2781	9	8	25	2025-05-24
2782	4	594	12	2025-05-24
2783	3	50	20	2025-05-24
2784	2	221	15	2025-05-24
2785	1	107	7	2025-05-24
2786	1	146	7	2025-05-24
2787	49	1	11	2025-05-25
2788	47	226	7	2025-05-25
2789	42	577	12	2025-05-25
2790	42	33	22	2025-05-25
2791	38	11	1	2025-05-25
2792	37	113	16	2025-05-25
2793	33	12	1	2025-05-25
2794	30	1	8	2025-05-25
2795	28	120	16	2025-05-25
2796	28	6	2	2025-05-25
2797	28	52	20	2025-05-25
2798	25	48	21	2025-05-25
2799	24	663	12	2025-05-25
2800	24	63	19	2025-05-25
2801	20	3	8	2025-05-25
2802	16	1985	3	2025-05-25
2803	13	28	21	2025-05-25
2804	12	1032	9	2025-05-25
2805	8	292	4	2025-05-25
2806	45	183	15	2025-05-26
2807	34	652	12	2025-05-26
2808	33	5	2	2025-05-26
2809	31	66	26	2025-05-26
2810	31	15	1	2025-05-26
2811	29	41	18	2025-05-26
2812	25	8	23	2025-05-26
2813	25	167	15	2025-05-26
2814	25	1401	3	2025-05-26
2815	21	608	12	2025-05-26
2816	13	12	17	2025-05-26
2817	13	1125	9	2025-05-26
2818	5	42	19	2025-05-26
2819	5	15	1	2025-05-26
2820	4	174	16	2025-05-26
2821	1	63	18	2025-05-26
2822	50	175	16	2025-05-27
2823	40	9	2	2025-05-27
2824	40	3	24	2025-05-27
2825	28	26	22	2025-05-27
2826	26	1156	9	2025-05-27
2827	19	9	24	2025-05-27
2828	16	289	4	2025-05-27
2829	16	1	13	2025-05-27
2830	9	6	24	2025-05-27
2831	35	57	20	2025-05-28
2832	32	663	10	2025-05-28
2833	31	3	25	2025-05-28
2834	26	782	10	2025-05-28
2835	26	2376	3	2025-05-28
2836	24	11	1	2025-05-28
2837	19	5	23	2025-05-28
2838	19	627	10	2025-05-28
2839	15	7	24	2025-05-28
2840	14	538	10	2025-05-28
2841	13	4	24	2025-05-28
2842	8	1	25	2025-05-28
2843	6	56	20	2025-05-28
2844	4	504	12	2025-05-28
2845	1	353	14	2025-05-28
2846	48	4	11	2025-05-29
2847	43	8	5	2025-05-29
2848	42	160	15	2025-05-29
2849	39	934	9	2025-05-29
2850	37	6	25	2025-05-29
2851	36	299	4	2025-05-29
2852	33	538	10	2025-05-29
2853	31	263	7	2025-05-29
2854	30	41	19	2025-05-29
2855	18	217	7	2025-05-29
2856	17	231	6	2025-05-29
2857	13	4	13	2025-05-29
2858	9	158	16	2025-05-29
2859	6	929	9	2025-05-29
2860	6	10	23	2025-05-29
2861	5	41	19	2025-05-29
2862	4	138	6	2025-05-29
2863	3	999	9	2025-05-29
2864	3	48	20	2025-05-29
2865	1	234	4	2025-05-29
2866	49	1916	3	2025-05-30
2867	48	53	20	2025-05-30
2868	48	24	22	2025-05-30
2869	47	386	14	2025-05-30
2870	46	5	24	2025-05-30
2871	40	179	15	2025-05-30
2872	38	58	18	2025-05-30
2873	26	5	11	2025-05-30
2874	22	169	16	2025-05-30
2875	18	622	10	2025-05-30
2876	17	9	5	2025-05-30
2877	9	2	11	2025-05-30
2878	8	521	12	2025-05-30
2879	3	8	25	2025-05-30
2880	2	4	13	2025-05-30
2881	1	51	20	2025-05-30
2882	1	69	18	2025-05-30
2883	50	40	18	2025-05-31
2884	50	295	4	2025-05-31
2885	50	503	10	2025-05-31
2886	44	105	6	2025-05-31
2887	42	189	15	2025-05-31
2888	41	40	18	2025-05-31
2889	40	62	18	2025-05-31
2890	39	23	21	2025-05-31
2891	39	10	23	2025-05-31
2892	38	51	21	2025-05-31
2893	36	219	4	2025-05-31
2894	34	9	24	2025-05-31
2895	33	55	26	2025-05-31
2896	25	6	5	2025-05-31
2897	22	3	13	2025-05-31
2898	22	187	15	2025-05-31
2899	19	242	6	2025-05-31
2900	17	204	4	2025-05-31
2901	17	263	4	2025-05-31
2902	14	39	21	2025-05-31
2903	11	12	1	2025-05-31
2904	10	103	7	2025-05-31
2905	10	10	17	2025-05-31
2906	7	130	7	2025-05-31
2907	49	217	6	2025-06-01
2908	45	6	2	2025-06-01
2909	43	5	23	2025-06-01
2910	40	53	20	2025-06-01
2911	38	33	21	2025-06-01
2912	33	10	2	2025-06-01
2913	28	284	4	2025-06-01
2914	26	3	11	2025-06-01
2915	23	43	21	2025-06-01
2916	21	651	12	2025-06-01
2917	21	9	23	2025-06-01
2918	21	308	14	2025-06-01
2919	19	48	20	2025-06-01
2920	15	7	2	2025-06-01
2921	12	31	22	2025-06-01
2922	12	355	14	2025-06-01
2923	7	99	16	2025-06-01
2924	6	15	1	2025-06-01
2925	1	23	21	2025-06-01
2926	49	50	21	2025-06-02
2927	48	91	16	2025-06-02
2928	47	21	22	2025-06-02
2929	46	56	18	2025-06-02
2930	40	1796	3	2025-06-02
2931	37	5	8	2025-06-02
2932	36	55	18	2025-06-02
2933	34	202	6	2025-06-02
2934	31	160	7	2025-06-02
2935	26	594	12	2025-06-02
2936	18	114	7	2025-06-02
2937	18	3	8	2025-06-02
2938	17	2332	3	2025-06-02
2939	13	155	16	2025-06-02
2940	12	5	8	2025-06-02
2941	12	7	2	2025-06-02
2942	11	1659	3	2025-06-02
2943	8	4	11	2025-06-02
2944	6	117	16	2025-06-02
2945	5	8	5	2025-06-02
2946	4	524	10	2025-06-02
2947	1	5	5	2025-06-02
2948	45	54	19	2025-06-03
2949	41	237	6	2025-06-03
2950	35	30	22	2025-06-03
2951	32	1	11	2025-06-03
2952	32	48	20	2025-06-03
2953	30	735	10	2025-06-03
2954	30	904	9	2025-06-03
2955	27	244	6	2025-06-03
2956	24	5	24	2025-06-03
2957	22	1124	9	2025-06-03
2958	20	11	1	2025-06-03
2959	17	1	11	2025-06-03
2960	13	44	20	2025-06-03
2961	9	2	11	2025-06-03
2962	8	1	13	2025-06-03
2963	6	52	19	2025-06-03
2964	3	305	4	2025-06-03
2965	50	8	2	2025-06-04
2966	50	15	17	2025-06-04
2967	48	255	4	2025-06-04
2968	48	132	7	2025-06-04
2969	42	13	1	2025-06-04
2970	41	12	17	2025-06-04
2971	40	4	25	2025-06-04
2972	40	563	10	2025-06-04
2973	40	501	12	2025-06-04
2974	35	52	18	2025-06-04
2975	34	4	24	2025-06-04
2976	33	137	15	2025-06-04
2977	29	13	1	2025-06-04
2978	29	190	15	2025-06-04
2979	29	8	2	2025-06-04
2980	28	6	2	2025-06-04
2981	25	1162	9	2025-06-04
2982	20	100	26	2025-06-04
2983	17	595	12	2025-06-04
2984	13	4	8	2025-06-04
2985	13	307	14	2025-06-04
2986	12	927	9	2025-06-04
2987	7	14	1	2025-06-04
2988	3	1016	9	2025-06-04
2989	1	46	20	2025-06-04
2990	46	46	18	2025-06-05
2991	45	2	13	2025-06-05
2992	44	1041	9	2025-06-05
2993	43	2	11	2025-06-05
2994	40	1154	9	2025-06-05
2995	38	562	12	2025-06-05
2996	37	3	13	2025-06-05
2997	33	48	20	2025-06-05
2998	29	147	26	2025-06-05
2999	29	4	25	2025-06-05
3000	28	182	6	2025-06-05
3001	27	5	25	2025-06-05
3002	27	5	2	2025-06-05
3003	22	10	5	2025-06-05
3004	19	163	7	2025-06-05
3005	18	120	16	2025-06-05
3006	10	8	25	2025-06-05
3007	10	1904	3	2025-06-05
3008	6	1138	9	2025-06-05
3009	6	647	12	2025-06-05
3010	5	1158	3	2025-06-05
3011	3	15	1	2025-06-05
3012	3	751	10	2025-06-05
3013	50	44	18	2025-06-06
3014	49	24	21	2025-06-06
3015	48	45	18	2025-06-06
3016	45	29	21	2025-06-06
3017	42	2	8	2025-06-06
3018	39	21	21	2025-06-06
3019	38	22	22	2025-06-06
3020	37	51	20	2025-06-06
3021	34	2192	3	2025-06-06
3022	34	12	17	2025-06-06
3023	32	1073	9	2025-06-06
3024	26	15	17	2025-06-06
3025	26	60	19	2025-06-06
3026	24	412	14	2025-06-06
3027	23	207	15	2025-06-06
3028	19	10	5	2025-06-06
3029	15	154	16	2025-06-06
3030	11	6	2	2025-06-06
3031	9	5	23	2025-06-06
3032	49	217	4	2025-06-07
3033	48	239	7	2025-06-07
3034	46	10	5	2025-06-07
3035	41	1160	3	2025-06-07
3036	40	47	18	2025-06-07
3037	37	119	26	2025-06-07
3038	35	9	24	2025-06-07
3039	34	204	15	2025-06-07
3040	33	2	13	2025-06-07
3041	30	4	5	2025-06-07
3042	29	171	6	2025-06-07
3043	25	5	8	2025-06-07
3044	23	5	8	2025-06-07
3045	22	64	19	2025-06-07
3046	20	395	14	2025-06-07
3047	19	546	12	2025-06-07
3048	13	57	18	2025-06-07
3049	6	177	16	2025-06-07
3050	3	107	16	2025-06-07
3051	2	55	20	2025-06-07
3052	47	926	9	2025-06-08
3053	46	51	20	2025-06-08
3054	44	24	21	2025-06-08
3055	36	231	4	2025-06-08
3056	34	12	17	2025-06-08
3057	34	6	25	2025-06-08
3058	32	12	17	2025-06-08
3059	30	34	21	2025-06-08
3060	29	232	15	2025-06-08
3061	28	1	11	2025-06-08
3062	23	111	16	2025-06-08
3063	20	51	19	2025-06-08
3064	19	52	21	2025-06-08
3065	17	8	25	2025-06-08
3066	12	10	25	2025-06-08
3067	12	66	19	2025-06-08
3068	11	7	24	2025-06-08
3069	9	227	15	2025-06-08
3070	9	1	13	2025-06-08
3071	8	10	17	2025-06-08
3072	7	6	23	2025-06-08
3073	46	69	18	2025-06-09
3074	44	140	16	2025-06-09
3075	44	42	18	2025-06-09
3076	44	4	11	2025-06-09
3077	44	14	17	2025-06-09
3078	40	6	24	2025-06-09
3079	40	122	15	2025-06-09
3080	38	45	20	2025-06-09
3081	35	58	19	2025-06-09
3082	30	1943	3	2025-06-09
3083	29	12	1	2025-06-09
3084	22	15	17	2025-06-09
3085	18	8	23	2025-06-09
3086	12	118	7	2025-06-09
3087	9	30	22	2025-06-09
3088	9	363	14	2025-06-09
3089	2	9	2	2025-06-09
3090	2	11	17	2025-06-09
3091	50	45	19	2025-06-10
3092	45	5	11	2025-06-10
3093	44	4	13	2025-06-10
3094	38	9	23	2025-06-10
3095	34	138	6	2025-06-10
3096	34	270	4	2025-06-10
3097	29	14	1	2025-06-10
3098	28	201	6	2025-06-10
3099	25	2	8	2025-06-10
3100	22	47	18	2025-06-10
3101	12	58	21	2025-06-10
3102	8	49	20	2025-06-10
3103	7	1	13	2025-06-10
3104	49	8	2	2025-06-11
3105	44	40	19	2025-06-11
3106	42	209	4	2025-06-11
3107	37	1028	9	2025-06-11
3108	33	39	22	2025-06-11
3109	31	97	26	2025-06-11
3110	28	178	16	2025-06-11
3111	25	65	19	2025-06-11
3112	25	14	1	2025-06-11
3113	21	1	8	2025-06-11
3114	20	15	17	2025-06-11
3115	18	6	23	2025-06-11
3116	18	5	23	2025-06-11
3117	9	9	2	2025-06-11
3118	6	9	2	2025-06-11
3119	2	219	7	2025-06-11
3120	50	4	11	2025-06-12
3121	50	14	17	2025-06-12
3122	49	10	5	2025-06-12
3123	49	64	26	2025-06-12
3124	47	60	26	2025-06-12
3125	43	306	4	2025-06-12
3126	40	962	9	2025-06-12
3127	35	163	15	2025-06-12
3128	35	8	24	2025-06-12
3129	34	11	17	2025-06-12
3130	34	319	14	2025-06-12
3131	33	100	26	2025-06-12
3132	32	149	15	2025-06-12
3133	25	7	25	2025-06-12
3134	24	103	7	2025-06-12
3135	22	7	2	2025-06-12
3136	22	265	4	2025-06-12
3137	21	89	26	2025-06-12
3138	21	54	18	2025-06-12
3139	16	5	5	2025-06-12
3140	16	37	22	2025-06-12
3141	14	1590	3	2025-06-12
3142	13	87	16	2025-06-12
3143	12	597	12	2025-06-12
3144	10	45	20	2025-06-12
3145	10	50	20	2025-06-12
3146	9	8	23	2025-06-12
3147	8	9	5	2025-06-12
3148	8	14	1	2025-06-12
3149	6	30	21	2025-06-12
3150	49	13	17	2025-06-13
3151	49	220	7	2025-06-13
3152	48	7	5	2025-06-13
3153	48	9	24	2025-06-13
3154	43	181	15	2025-06-13
3155	41	141	16	2025-06-13
3156	40	8	23	2025-06-13
3157	38	7	2	2025-06-13
3158	35	7	5	2025-06-13
3159	34	54	19	2025-06-13
3160	31	514	10	2025-06-13
3161	19	2	13	2025-06-13
3162	18	56	20	2025-06-13
3163	11	14	1	2025-06-13
3164	11	122	16	2025-06-13
3165	5	364	14	2025-06-13
3166	1	502	12	2025-06-13
3167	46	8	23	2025-06-14
3168	46	46	20	2025-06-14
3169	45	121	26	2025-06-14
3170	44	2	11	2025-06-14
3171	41	621	12	2025-06-14
3172	39	170	16	2025-06-14
3173	31	8	2	2025-06-14
3174	30	219	4	2025-06-14
3175	27	43	19	2025-06-14
3176	27	4	8	2025-06-14
3177	25	6	8	2025-06-14
3178	24	6	2	2025-06-14
3179	22	95	16	2025-06-14
3180	20	34	22	2025-06-14
3181	20	41	20	2025-06-14
3182	20	124	15	2025-06-14
3183	18	8	23	2025-06-14
3184	10	127	6	2025-06-14
3185	5	1001	9	2025-06-14
3186	49	166	15	2025-06-15
3187	48	32	22	2025-06-15
3188	48	5	2	2025-06-15
3189	41	117	16	2025-06-15
3190	35	2	11	2025-06-15
3191	35	170	15	2025-06-15
3192	28	7	24	2025-06-15
3193	23	103	16	2025-06-15
3194	22	2	13	2025-06-15
3195	20	13	1	2025-06-15
3196	18	45	21	2025-06-15
3197	16	39	21	2025-06-15
3198	15	8	25	2025-06-15
3199	11	191	15	2025-06-15
3200	11	15	1	2025-06-15
3201	10	194	7	2025-06-15
3202	9	35	21	2025-06-15
3203	9	10	23	2025-06-15
3204	7	158	16	2025-06-15
3205	4	267	4	2025-06-15
3206	3	215	4	2025-06-15
3207	3	392	14	2025-06-15
3208	48	9	23	2025-06-16
3209	47	113	6	2025-06-16
3210	42	1182	3	2025-06-16
3211	38	13	17	2025-06-16
3212	37	3	24	2025-06-16
3213	36	205	7	2025-06-16
3214	34	8	24	2025-06-16
3215	33	127	7	2025-06-16
3216	27	7	24	2025-06-16
3217	26	624	12	2025-06-16
3218	24	5	23	2025-06-16
3219	20	184	15	2025-06-16
3220	17	166	15	2025-06-16
3221	14	977	9	2025-06-16
3222	12	549	12	2025-06-16
3223	10	625	12	2025-06-16
3224	7	275	4	2025-06-16
3225	1	47	19	2025-06-16
3226	1	1092	9	2025-06-16
3227	48	5	8	2025-06-17
3228	42	95	16	2025-06-17
3229	41	10	17	2025-06-17
3230	39	13	1	2025-06-17
3231	35	5	8	2025-06-17
3232	35	14	1	2025-06-17
3233	26	49	20	2025-06-17
3234	24	125	7	2025-06-17
3235	22	663	12	2025-06-17
3236	21	1041	3	2025-06-17
3237	20	195	7	2025-06-17
3238	17	7	23	2025-06-17
3239	14	220	15	2025-06-17
3240	7	5	24	2025-06-17
3241	5	6	25	2025-06-17
3242	5	329	14	2025-06-17
3243	5	370	14	2025-06-17
3244	5	6	5	2025-06-17
3245	2	2185	3	2025-06-17
3246	1	604	10	2025-06-17
3247	48	10	25	2025-06-18
3248	42	53	19	2025-06-18
3249	41	211	4	2025-06-18
3250	37	1549	3	2025-06-18
3251	35	672	10	2025-06-18
3252	34	733	10	2025-06-18
3253	32	4	24	2025-06-18
3254	26	53	19	2025-06-18
3255	25	33	22	2025-06-18
3256	24	8	24	2025-06-18
3257	22	4	13	2025-06-18
3258	22	164	16	2025-06-18
3259	22	20	22	2025-06-18
3260	21	1025	3	2025-06-18
3261	17	1130	9	2025-06-18
3262	17	502	12	2025-06-18
3263	12	51	21	2025-06-18
3264	6	1060	3	2025-06-18
3265	6	8	25	2025-06-18
3266	5	5	11	2025-06-18
3267	3	144	26	2025-06-18
3268	2	422	14	2025-06-18
3269	49	7	2	2025-06-19
3270	49	652	10	2025-06-19
3271	41	8	25	2025-06-19
3272	35	27	22	2025-06-19
3273	35	183	15	2025-06-19
3274	34	1032	9	2025-06-19
3275	32	210	7	2025-06-19
3276	32	114	16	2025-06-19
3277	28	2220	3	2025-06-19
3278	27	362	14	2025-06-19
3279	26	133	26	2025-06-19
3280	24	2032	3	2025-06-19
3281	20	41	20	2025-06-19
3282	16	8	24	2025-06-19
3283	12	120	6	2025-06-19
3284	8	230	15	2025-06-19
3285	7	2219	3	2025-06-19
3286	4	34	21	2025-06-19
3287	50	10	17	2025-06-20
3288	48	57	26	2025-06-20
3289	44	101	26	2025-06-20
3290	42	2	8	2025-06-20
3291	40	9	2	2025-06-20
3292	39	209	7	2025-06-20
3293	39	65	18	2025-06-20
3294	37	26	22	2025-06-20
3295	35	1274	3	2025-06-20
3296	35	2	11	2025-06-20
3297	31	249	4	2025-06-20
3298	25	699	10	2025-06-20
3299	24	1006	3	2025-06-20
3300	22	2343	3	2025-06-20
3301	21	6	23	2025-06-20
3302	13	921	9	2025-06-20
3303	12	1059	9	2025-06-20
3304	4	55	26	2025-06-20
3305	3	248	4	2025-06-20
3306	49	297	4	2025-06-21
3307	43	5	8	2025-06-21
3308	42	6	2	2025-06-21
3309	41	8	24	2025-06-21
3310	41	11	1	2025-06-21
3311	40	2	11	2025-06-21
3312	38	2	13	2025-06-21
3313	37	216	6	2025-06-21
3314	37	56	20	2025-06-21
3315	34	12	17	2025-06-21
3316	25	259	6	2025-06-21
3317	25	15	1	2025-06-21
3318	24	40	20	2025-06-21
3319	23	256	7	2025-06-21
3320	18	197	15	2025-06-21
3321	15	63	19	2025-06-21
3322	15	8	5	2025-06-21
3323	14	7	5	2025-06-21
3324	14	117	16	2025-06-21
3325	12	533	10	2025-06-21
3326	12	7	5	2025-06-21
3327	11	226	7	2025-06-21
3328	9	21	22	2025-06-21
3329	45	101	26	2025-06-22
3330	42	918	9	2025-06-22
3331	40	38	22	2025-06-22
3332	39	9	2	2025-06-22
3333	39	108	7	2025-06-22
3334	32	2	13	2025-06-22
3335	28	385	14	2025-06-22
3336	25	5	5	2025-06-22
3337	21	4	2	2025-06-22
3338	17	4	13	2025-06-22
3339	17	11	17	2025-06-22
3340	13	7	5	2025-06-22
3341	10	112	7	2025-06-22
3342	10	9	5	2025-06-22
3343	8	4	8	2025-06-22
3344	4	570	12	2025-06-22
3345	3	172	6	2025-06-22
3346	1	3	11	2025-06-22
3347	50	182	6	2025-06-23
3348	44	1	13	2025-06-23
3349	44	230	7	2025-06-23
3350	34	3	24	2025-06-23
3351	31	167	7	2025-06-23
3352	19	4	11	2025-06-23
3353	16	258	6	2025-06-23
3354	15	207	7	2025-06-23
3355	13	7	25	2025-06-23
3356	10	1	11	2025-06-23
3357	7	1058	9	2025-06-23
3358	3	21	22	2025-06-23
3359	48	4	11	2025-06-24
3360	47	221	7	2025-06-24
3361	42	5	5	2025-06-24
3362	39	4	25	2025-06-24
3363	39	152	15	2025-06-24
3364	36	5	8	2025-06-24
3365	35	62	26	2025-06-24
3366	33	47	20	2025-06-24
3367	32	54	20	2025-06-24
3368	29	13	1	2025-06-24
3369	27	34	22	2025-06-24
3370	27	148	15	2025-06-24
3371	26	185	6	2025-06-24
3372	25	5	2	2025-06-24
3373	24	7	23	2025-06-24
3374	21	3	8	2025-06-24
3375	20	13	17	2025-06-24
3376	16	191	6	2025-06-24
3377	16	551	12	2025-06-24
3378	15	24	22	2025-06-24
3379	14	601	12	2025-06-24
3380	13	510	12	2025-06-24
3381	5	1036	3	2025-06-24
3382	1	32	22	2025-06-24
3383	44	1	11	2025-06-25
3384	42	4	13	2025-06-25
3385	39	188	15	2025-06-25
3386	37	2	8	2025-06-25
3387	36	173	7	2025-06-25
3388	35	20	21	2025-06-25
3389	35	969	9	2025-06-25
3390	34	50	20	2025-06-25
3391	33	813	10	2025-06-25
3392	31	281	4	2025-06-25
3393	29	8	25	2025-06-25
3394	25	20	22	2025-06-25
3395	20	1	13	2025-06-25
3396	18	12	1	2025-06-25
3397	15	9	5	2025-06-25
3398	7	4	8	2025-06-25
3399	3	52	21	2025-06-25
3400	2	174	16	2025-06-25
3401	2	68	18	2025-06-25
3402	47	15	1	2025-06-26
3403	37	61	18	2025-06-26
3404	37	67	18	2025-06-26
3405	31	5	23	2025-06-26
3406	21	108	26	2025-06-26
3407	18	8	2	2025-06-26
3408	16	739	10	2025-06-26
3409	12	4	13	2025-06-26
3410	10	2	11	2025-06-26
3411	6	93	16	2025-06-26
3412	3	26	22	2025-06-26
3413	3	10	2	2025-06-26
3414	49	14	1	2025-06-27
3415	44	3	24	2025-06-27
3416	44	155	15	2025-06-27
3417	41	564	12	2025-06-27
3418	39	8	2	2025-06-27
3419	38	11	1	2025-06-27
3420	34	2	11	2025-06-27
3421	33	2	13	2025-06-27
3422	28	8	24	2025-06-27
3423	23	4	25	2025-06-27
3424	12	534	10	2025-06-27
3425	9	344	14	2025-06-27
3426	7	35	22	2025-06-27
3427	7	7	25	2025-06-27
3428	45	7	25	2025-06-28
3429	44	2	13	2025-06-28
3430	43	138	6	2025-06-28
3431	40	13	1	2025-06-28
3432	38	42	22	2025-06-28
3433	35	2	11	2025-06-28
3434	33	4	13	2025-06-28
3435	30	23	21	2025-06-28
3436	29	196	15	2025-06-28
3437	28	6	23	2025-06-28
3438	28	152	16	2025-06-28
3439	26	6	23	2025-06-28
3440	23	624	12	2025-06-28
3441	21	2198	3	2025-06-28
3442	21	10	25	2025-06-28
3443	21	618	12	2025-06-28
3444	14	234	15	2025-06-28
3445	13	6	8	2025-06-28
3446	10	9	5	2025-06-28
3447	9	406	14	2025-06-28
3448	6	4	25	2025-06-28
3449	5	1142	9	2025-06-28
3450	4	2105	3	2025-06-28
3451	4	1	25	2025-06-28
3452	3	24	21	2025-06-28
3453	3	22	22	2025-06-28
3454	49	23	22	2025-06-29
3455	45	233	15	2025-06-29
3456	44	186	6	2025-06-29
3457	39	216	4	2025-06-29
3458	39	36	21	2025-06-29
3459	37	746	10	2025-06-29
3460	34	42	22	2025-06-29
3461	33	14	17	2025-06-29
3462	32	157	6	2025-06-29
3463	26	45	21	2025-06-29
3464	26	112	6	2025-06-29
3465	26	54	20	2025-06-29
3466	21	12	1	2025-06-29
3467	18	381	14	2025-06-29
3468	13	8	23	2025-06-29
3469	11	11	1	2025-06-29
3470	10	613	12	2025-06-29
3471	10	234	4	2025-06-29
3472	46	26	21	2025-06-30
3473	45	3	25	2025-06-30
3474	44	7	23	2025-06-30
3475	38	206	4	2025-06-30
3476	38	10	2	2025-06-30
3477	37	8	25	2025-06-30
3478	35	8	25	2025-06-30
3479	31	225	6	2025-06-30
3480	30	2129	3	2025-06-30
3481	30	56	19	2025-06-30
3482	28	202	4	2025-06-30
3483	24	10	1	2025-06-30
3484	24	13	1	2025-06-30
3485	23	6	5	2025-06-30
3486	22	53	19	2025-06-30
3487	21	9	2	2025-06-30
3488	21	402	14	2025-06-30
3489	16	362	14	2025-06-30
3490	15	15	1	2025-06-30
3491	14	51	21	2025-06-30
3492	14	42	22	2025-06-30
3493	11	11	1	2025-06-30
3494	9	25	21	2025-06-30
3495	8	9	2	2025-06-30
3496	7	1	25	2025-06-30
3497	6	9	5	2025-06-30
3498	5	663	10	2025-06-30
3499	4	1	8	2025-06-30
\.


--
-- Name: departamentos_iddepartamento_seq; Type: SEQUENCE SET; Schema: public; Owner: postgres
--

SELECT pg_catalog.setval('public.departamentos_iddepartamento_seq', 1, false);


--
-- Name: distrito_iddistrito_seq; Type: SEQUENCE SET; Schema: public; Owner: postgres
--

SELECT pg_catalog.setval('public.distrito_iddistrito_seq', 1, false);


--
-- Name: pais_idpais_seq; Type: SEQUENCE SET; Schema: public; Owner: postgres
--

SELECT pg_catalog.setval('public.pais_idpais_seq', 1, false);


--
-- Name: personas_idclientes_seq; Type: SEQUENCE SET; Schema: public; Owner: postgres
--

SELECT pg_catalog.setval('public.personas_idclientes_seq', 53, true);


--
-- Name: produccion_id_produccion_seq; Type: SEQUENCE SET; Schema: public; Owner: postgres
--

SELECT pg_catalog.setval('public.produccion_id_produccion_seq', 3430, true);


--
-- Name: productos_id_producto_seq; Type: SEQUENCE SET; Schema: public; Owner: postgres
--

SELECT pg_catalog.setval('public.productos_id_producto_seq', 27, true);


--
-- Name: proveedores_id_proveedor_seq; Type: SEQUENCE SET; Schema: public; Owner: postgres
--

SELECT pg_catalog.setval('public.proveedores_id_proveedor_seq', 8, true);


--
-- Name: provincia_idprovincia_seq; Type: SEQUENCE SET; Schema: public; Owner: postgres
--

SELECT pg_catalog.setval('public.provincia_idprovincia_seq', 1, false);


--
-- Name: ventas_id_venta_seq; Type: SEQUENCE SET; Schema: public; Owner: postgres
--

SELECT pg_catalog.setval('public.ventas_id_venta_seq', 3499, true);


--
-- Name: departamentos departamentos_pkey; Type: CONSTRAINT; Schema: public; Owner: postgres
--

ALTER TABLE ONLY public.departamentos
    ADD CONSTRAINT departamentos_pkey PRIMARY KEY (iddepartamento);


--
-- Name: distrito distrito_pkey; Type: CONSTRAINT; Schema: public; Owner: postgres
--

ALTER TABLE ONLY public.distrito
    ADD CONSTRAINT distrito_pkey PRIMARY KEY (iddistrito);


--
-- Name: pais pais_pkey; Type: CONSTRAINT; Schema: public; Owner: postgres
--

ALTER TABLE ONLY public.pais
    ADD CONSTRAINT pais_pkey PRIMARY KEY (idpais);


--
-- Name: personas personas_pkey; Type: CONSTRAINT; Schema: public; Owner: postgres
--

ALTER TABLE ONLY public.personas
    ADD CONSTRAINT personas_pkey PRIMARY KEY (idclientes);


--
-- Name: produccion produccion_pkey; Type: CONSTRAINT; Schema: public; Owner: postgres
--

ALTER TABLE ONLY public.produccion
    ADD CONSTRAINT produccion_pkey PRIMARY KEY (id_produccion);


--
-- Name: productos productos_pkey; Type: CONSTRAINT; Schema: public; Owner: postgres
--

ALTER TABLE ONLY public.productos
    ADD CONSTRAINT productos_pkey PRIMARY KEY (id_producto);


--
-- Name: proveedores proveedores_pkey; Type: CONSTRAINT; Schema: public; Owner: postgres
--

ALTER TABLE ONLY public.proveedores
    ADD CONSTRAINT proveedores_pkey PRIMARY KEY (id_proveedor);


--
-- Name: provincia provincia_pkey; Type: CONSTRAINT; Schema: public; Owner: postgres
--

ALTER TABLE ONLY public.provincia
    ADD CONSTRAINT provincia_pkey PRIMARY KEY (idprovincia);


--
-- Name: ventas ventas_pkey; Type: CONSTRAINT; Schema: public; Owner: postgres
--

ALTER TABLE ONLY public.ventas
    ADD CONSTRAINT ventas_pkey PRIMARY KEY (id_venta);


--
-- Name: distrito distrito_provincia_fk; Type: FK CONSTRAINT; Schema: public; Owner: postgres
--

ALTER TABLE ONLY public.distrito
    ADD CONSTRAINT distrito_provincia_fk FOREIGN KEY (idprovincia) REFERENCES public.provincia(idprovincia) ON UPDATE CASCADE ON DELETE CASCADE;


--
-- Name: personas fk_distritos; Type: FK CONSTRAINT; Schema: public; Owner: postgres
--

ALTER TABLE ONLY public.personas
    ADD CONSTRAINT fk_distritos FOREIGN KEY (iddistrito) REFERENCES public.distrito(iddistrito);


--
-- Name: departamentos pais_departamento_fk; Type: FK CONSTRAINT; Schema: public; Owner: postgres
--

ALTER TABLE ONLY public.departamentos
    ADD CONSTRAINT pais_departamento_fk FOREIGN KEY (idpais) REFERENCES public.pais(idpais) ON UPDATE CASCADE ON DELETE CASCADE;


--
-- Name: produccion produccion_id_producto_fkey; Type: FK CONSTRAINT; Schema: public; Owner: postgres
--

ALTER TABLE ONLY public.produccion
    ADD CONSTRAINT produccion_id_producto_fkey FOREIGN KEY (id_producto) REFERENCES public.productos(id_producto);


--
-- Name: provincia provincia_departamento_fk; Type: FK CONSTRAINT; Schema: public; Owner: postgres
--

ALTER TABLE ONLY public.provincia
    ADD CONSTRAINT provincia_departamento_fk FOREIGN KEY (iddepartamento) REFERENCES public.departamentos(iddepartamento) ON UPDATE CASCADE ON DELETE CASCADE;


--
-- Name: ventas ventas_id_producto_fkey; Type: FK CONSTRAINT; Schema: public; Owner: postgres
--

ALTER TABLE ONLY public.ventas
    ADD CONSTRAINT ventas_id_producto_fkey FOREIGN KEY (id_producto) REFERENCES public.productos(id_producto) ON DELETE CASCADE;


--
-- Name: ventas ventas_idclientes_fkey; Type: FK CONSTRAINT; Schema: public; Owner: postgres
--

ALTER TABLE ONLY public.ventas
    ADD CONSTRAINT ventas_idclientes_fkey FOREIGN KEY (idclientes) REFERENCES public.personas(idclientes) ON DELETE CASCADE;


--
-- PostgreSQL database dump complete
--

